time,time_fmt,open,high,low,close,vwap,volume,count
1587597000,2020-04-22 23:10:00+00:00,0.014468,0.014468,0.014468,0.014468,0.0,0.0,0
1587597300,2020-04-22 23:15:00+00:00,0.014468,0.014468,0.014468,0.014468,0.0,0.0,0
1587598200,2020-04-22 23:30:00+00:00,0.014468,0.014468,0.014468,0.014468,0.0,0.0,0
1587598500,2020-04-22 23:35:00+00:00,0.014468,0.014468,0.014468,0.014468,0.0,0.0,0
1587599400,2020-04-22 23:50:00+00:00,0.014468,0.014468,0.014468,0.014468,0.0,0.0,0
1587599700,2020-04-22 23:55:00+00:00,0.014468,0.014468,0.014468,0.014468,0.0,0.0,0
1587600000,2020-04-23 00:00:00+00:00,0.014468,0.014468,0.014468,0.014468,0.0,0.0,0
1587603900,2020-04-23 01:05:00+00:00,0.014468,0.014468,0.014468,0.014468,0.0,0.0,0
1587604200,2020-04-23 01:10:00+00:00,0.014468,0.014468,0.014468,0.014468,0.0,0.0,0
1587604500,2020-04-23 01:15:00+00:00,0.014468,0.014468,0.014468,0.014468,0.0,0.0,0
1587604800,2020-04-23 01:20:00+00:00,0.014468,0.014468,0.014468,0.014468,0.0,0.0,0
1587605400,2020-04-23 01:30:00+00:00,0.014468,0.014468,0.014468,0.014468,0.0,0.0,0
1587605700,2020-04-23 01:35:00+00:00,0.0143,0.0143,0.0143,0.0143,0.0143,493.81829400000004,5
1587606000,2020-04-23 01:40:00+00:00,0.0143,0.0143,0.0143,0.0143,0.0,0.0,0
1587606300,2020-04-23 01:45:00+00:00,0.0142,0.0142,0.0142,0.0142,0.0142,461.49512658,8
1587606600,2020-04-23 01:50:00+00:00,0.014202,0.014202,0.014202,0.014202,0.014202,10.0,1
1587606900,2020-04-23 01:55:00+00:00,0.0142,0.0142,0.0142,0.0142,0.0142,69.80076042,6
1587609300,2020-04-23 02:35:00+00:00,0.0142,0.0142,0.0142,0.0142,0.0,0.0,0
1587609600,2020-04-23 02:40:00+00:00,0.0142,0.0142,0.0142,0.0142,0.0,0.0,0
1587609900,2020-04-23 02:45:00+00:00,0.0142,0.0142,0.0142,0.0142,0.0,0.0,0
1587610500,2020-04-23 02:55:00+00:00,0.0142,0.0142,0.0142,0.0142,0.0,0.0,0
1587610800,2020-04-23 03:00:00+00:00,0.0142,0.0142,0.0142,0.0142,0.0,0.0,0
1587611100,2020-04-23 03:05:00+00:00,0.0142,0.0142,0.0142,0.0142,0.0,0.0,0
1587612000,2020-04-23 03:20:00+00:00,0.0142,0.0142,0.0142,0.0142,0.0,0.0,0
1587612300,2020-04-23 03:25:00+00:00,0.0142,0.0142,0.0142,0.0142,0.0,0.0,0
1587614100,2020-04-23 03:55:00+00:00,0.0142,0.0142,0.0142,0.0142,0.0,0.0,0
1587614400,2020-04-23 04:00:00+00:00,0.0142,0.0142,0.0142,0.0142,0.0,0.0,0
1587614700,2020-04-23 04:05:00+00:00,0.0142,0.0142,0.0142,0.0142,0.0,0.0,0
1587615000,2020-04-23 04:10:00+00:00,0.0142,0.0142,0.0142,0.0142,0.0,0.0,0
1587615300,2020-04-23 04:15:00+00:00,0.0142,0.0142,0.0142,0.0142,0.0,0.0,0
1587615600,2020-04-23 04:20:00+00:00,0.0142,0.0142,0.0142,0.0142,0.0,0.0,0
1587616500,2020-04-23 04:35:00+00:00,0.0142,0.0142,0.0142,0.0142,0.0,0.0,0
1587616800,2020-04-23 04:40:00+00:00,0.0142,0.0142,0.0142,0.0142,0.0,0.0,0
1587618300,2020-04-23 05:05:00+00:00,0.0142,0.0142,0.0142,0.0142,0.0,0.0,0
1587618600,2020-04-23 05:10:00+00:00,0.0142,0.0142,0.0142,0.0142,0.0,0.0,0
1587618900,2020-04-23 05:15:00+00:00,0.0142,0.0142,0.0142,0.0142,0.0,0.0,0
1587619500,2020-04-23 05:25:00+00:00,0.0142,0.0142,0.0142,0.0142,0.0,0.0,0
1587619800,2020-04-23 05:30:00+00:00,0.0142,0.0142,0.0142,0.0142,0.0,0.0,0
1587620100,2020-04-23 05:35:00+00:00,0.0142,0.0142,0.0142,0.0142,0.0,0.0,0
1587620400,2020-04-23 05:40:00+00:00,0.0142,0.0142,0.0142,0.0142,0.0,0.0,0
1587620700,2020-04-23 05:45:00+00:00,0.0142,0.0142,0.0142,0.0142,0.0,0.0,0
1587621300,2020-04-23 05:55:00+00:00,0.0142,0.0142,0.0142,0.0142,0.0,0.0,0
1587621600,2020-04-23 06:00:00+00:00,0.0142,0.0142,0.0142,0.0142,0.0,0.0,0
1587622500,2020-04-23 06:15:00+00:00,0.0142,0.0142,0.0142,0.0142,0.0,0.0,0
1587622800,2020-04-23 06:20:00+00:00,0.0142,0.0142,0.0142,0.0142,0.0,0.0,0
1587623100,2020-04-23 06:25:00+00:00,0.0142,0.0142,0.0142,0.0142,0.0,0.0,0
1587623400,2020-04-23 06:30:00+00:00,0.0142,0.0142,0.0142,0.0142,0.0,0.0,0
1587624900,2020-04-23 06:55:00+00:00,0.0142,0.0142,0.0142,0.0142,0.0,0.0,0
1587625200,2020-04-23 07:00:00+00:00,0.0142,0.0142,0.0142,0.0142,0.0,0.0,0
1587626100,2020-04-23 07:15:00+00:00,0.0142,0.0142,0.0142,0.0142,0.0,0.0,0
1587626400,2020-04-23 07:20:00+00:00,0.0142,0.0142,0.0142,0.0142,0.0,0.0,0
1587627300,2020-04-23 07:35:00+00:00,0.0142,0.0142,0.0142,0.0142,0.0,0.0,0
1587627600,2020-04-23 07:40:00+00:00,0.0142,0.0142,0.0142,0.0142,0.0,0.0,0
1587630000,2020-04-23 08:20:00+00:00,0.0142,0.0142,0.0142,0.0142,0.0,0.0,0
1587630300,2020-04-23 08:25:00+00:00,0.0142,0.0142,0.0142,0.0142,0.0,0.0,0
1587630600,2020-04-23 08:30:00+00:00,0.0142,0.0142,0.0142,0.0142,0.0,0.0,0
1587630900,2020-04-23 08:35:00+00:00,0.0142,0.0142,0.0142,0.0142,0.0,0.0,0
1587632100,2020-04-23 08:55:00+00:00,0.0142,0.0142,0.0142,0.0142,0.0,0.0,0
1587632400,2020-04-23 09:00:00+00:00,0.0142,0.0142,0.0142,0.0142,0.0,0.0,0
1587632700,2020-04-23 09:05:00+00:00,0.0142,0.0142,0.0142,0.0142,0.0,0.0,0
1587633000,2020-04-23 09:10:00+00:00,0.0142,0.0142,0.0142,0.0142,0.0,0.0,0
1587635100,2020-04-23 09:45:00+00:00,0.0142,0.0142,0.0142,0.0142,0.0,0.0,0
1587635400,2020-04-23 09:50:00+00:00,0.0142,0.0142,0.0142,0.0142,0.0,0.0,0
1587636600,2020-04-23 10:10:00+00:00,0.0142,0.0142,0.0142,0.0142,0.0,0.0,0
1587636900,2020-04-23 10:15:00+00:00,0.0142,0.0142,0.0142,0.0142,0.0,0.0,0
1587637200,2020-04-23 10:20:00+00:00,0.0142,0.0142,0.0142,0.0142,0.0,0.0,0
1587637500,2020-04-23 10:25:00+00:00,0.0142,0.0142,0.0142,0.0142,0.0,0.0,0
1587637800,2020-04-23 10:30:00+00:00,0.0142,0.0142,0.0142,0.0142,0.0,0.0,0
1587638100,2020-04-23 10:35:00+00:00,0.0142,0.0142,0.0142,0.0142,0.0,0.0,0
1587638400,2020-04-23 10:40:00+00:00,0.0142,0.0142,0.0142,0.0142,0.0,0.0,0
1587638700,2020-04-23 10:45:00+00:00,0.0142,0.0142,0.0142,0.0142,0.0,0.0,0
1587639000,2020-04-23 10:50:00+00:00,0.0142,0.0142,0.0142,0.0142,0.0,0.0,0
1587639300,2020-04-23 10:55:00+00:00,0.0142,0.0142,0.0142,0.0142,0.0,0.0,0
1587640200,2020-04-23 11:10:00+00:00,0.0142,0.0142,0.0142,0.0142,0.0,0.0,0
1587640500,2020-04-23 11:15:00+00:00,0.0142,0.0142,0.0142,0.0142,0.0,0.0,0
1587640800,2020-04-23 11:20:00+00:00,0.0142,0.0142,0.0142,0.0142,0.0,0.0,0
1587641100,2020-04-23 11:25:00+00:00,0.0142,0.0142,0.0142,0.0142,0.0,0.0,0
1587641400,2020-04-23 11:30:00+00:00,0.0142,0.0142,0.0142,0.0142,0.0,0.0,0
1587641700,2020-04-23 11:35:00+00:00,0.0142,0.0142,0.0142,0.0142,0.0,0.0,0
1587642000,2020-04-23 11:40:00+00:00,0.0142,0.0142,0.0142,0.0142,0.0,0.0,0
1587642300,2020-04-23 11:45:00+00:00,0.0142,0.0142,0.0142,0.0142,0.0,0.0,0
1587642600,2020-04-23 11:50:00+00:00,0.0142,0.0142,0.0142,0.0142,0.0,0.0,0
1587642900,2020-04-23 11:55:00+00:00,0.0142,0.0142,0.0142,0.0142,0.0,0.0,0
1587644700,2020-04-23 12:25:00+00:00,0.0142,0.0142,0.0142,0.0142,0.0,0.0,0
1587645000,2020-04-23 12:30:00+00:00,0.0142,0.0142,0.0142,0.0142,0.0,0.0,0
1587646200,2020-04-23 12:50:00+00:00,0.0142,0.0142,0.0142,0.0142,0.0,0.0,0
1587646500,2020-04-23 12:55:00+00:00,0.0142,0.0142,0.0142,0.0142,0.0,0.0,0
1587647400,2020-04-23 13:10:00+00:00,0.0142,0.0142,0.0142,0.0142,0.0,0.0,0
1587647700,2020-04-23 13:15:00+00:00,0.014252,0.014252,0.014251,0.014251,0.014251,999.99999998,5
1587648300,2020-04-23 13:25:00+00:00,0.014251,0.014251,0.014251,0.014251,0.0,0.0,0
1587648600,2020-04-23 13:30:00+00:00,0.014251,0.014251,0.014251,0.014251,0.0,0.0,0
1587648900,2020-04-23 13:35:00+00:00,0.014251,0.014251,0.014251,0.014251,0.0,0.0,0
1587649200,2020-04-23 13:40:00+00:00,0.014251,0.014251,0.014251,0.014251,0.0,0.0,0
1587649500,2020-04-23 13:45:00+00:00,0.014251,0.014251,0.014251,0.014251,0.0,0.0,0
1587650100,2020-04-23 13:55:00+00:00,0.014251,0.014251,0.014251,0.014251,0.0,0.0,0
1587650400,2020-04-23 14:00:00+00:00,0.014251,0.014251,0.014251,0.014251,0.0,0.0,0
1587651000,2020-04-23 14:10:00+00:00,0.014251,0.014251,0.014251,0.014251,0.0,0.0,0
1587651300,2020-04-23 14:15:00+00:00,0.014251,0.014251,0.014251,0.014251,0.0,0.0,0
1587651600,2020-04-23 14:20:00+00:00,0.014251,0.014331,0.014243,0.014252,0.014279,774.71554323,17
1587651900,2020-04-23 14:25:00+00:00,0.014252,0.014252,0.014252,0.014252,0.0,0.0,0
1587652200,2020-04-23 14:30:00+00:00,0.01438,0.01438,0.01438,0.01438,0.01438,20.0,1
1587653100,2020-04-23 14:45:00+00:00,0.01438,0.01438,0.01438,0.01438,0.0,0.0,0
1587653400,2020-04-23 14:50:00+00:00,0.01438,0.01438,0.014295,0.014295,0.014295,61.0,4
1587653700,2020-04-23 14:55:00+00:00,0.014295,0.014295,0.014295,0.014295,0.0,0.0,0
1587654000,2020-04-23 15:00:00+00:00,0.014295,0.014295,0.014295,0.014295,0.0,0.0,0
1587654300,2020-04-23 15:05:00+00:00,0.014295,0.014295,0.014295,0.014295,0.0,0.0,0
1587654600,2020-04-23 15:10:00+00:00,0.014295,0.014295,0.014295,0.014295,0.0,0.0,0
1587654900,2020-04-23 15:15:00+00:00,0.014295,0.014295,0.014295,0.014295,0.0,0.0,0
1587655200,2020-04-23 15:20:00+00:00,0.014295,0.014295,0.014295,0.014295,0.0,0.0,0
1587655500,2020-04-23 15:25:00+00:00,0.014295,0.014295,0.014295,0.014295,0.0,0.0,0
1587655800,2020-04-23 15:30:00+00:00,0.014295,0.014295,0.014295,0.014295,0.0,0.0,0
1587656100,2020-04-23 15:35:00+00:00,0.014295,0.014295,0.014295,0.014295,0.0,0.0,0
1587656400,2020-04-23 15:40:00+00:00,0.014295,0.014295,0.014295,0.014295,0.0,0.0,0
1587656700,2020-04-23 15:45:00+00:00,0.014295,0.014295,0.014295,0.014295,0.0,0.0,0
1587657600,2020-04-23 16:00:00+00:00,0.014295,0.014295,0.014295,0.014295,0.0,0.0,0
1587657900,2020-04-23 16:05:00+00:00,0.014306,0.014306,0.014306,0.014306,0.014306,10.23801135,1
1587658200,2020-04-23 16:10:00+00:00,0.014306,0.014306,0.014306,0.014306,0.0,0.0,0
1587658500,2020-04-23 16:15:00+00:00,0.014306,0.014306,0.014306,0.014306,0.0,0.0,0
1587658800,2020-04-23 16:20:00+00:00,0.014306,0.014306,0.014306,0.014306,0.0,0.0,0
1587659100,2020-04-23 16:25:00+00:00,0.014306,0.014306,0.014306,0.014306,0.0,0.0,0
1587659400,2020-04-23 16:30:00+00:00,0.014306,0.014306,0.014306,0.014306,0.0,0.0,0
1587660000,2020-04-23 16:40:00+00:00,0.014306,0.014306,0.014306,0.014306,0.0,0.0,0
1587660300,2020-04-23 16:45:00+00:00,0.014306,0.014306,0.014306,0.014306,0.0,0.0,0
1587660600,2020-04-23 16:50:00+00:00,0.014306,0.014306,0.014306,0.014306,0.0,0.0,0
1587660900,2020-04-23 16:55:00+00:00,0.014306,0.014306,0.014306,0.014306,0.0,0.0,0
1587661500,2020-04-23 17:05:00+00:00,0.014306,0.014306,0.014306,0.014306,0.0,0.0,0
1587661800,2020-04-23 17:10:00+00:00,0.014303,0.014303,0.014303,0.014303,0.014303,107.27853001,1
1587662100,2020-04-23 17:15:00+00:00,0.014303,0.014303,0.014303,0.014303,0.0,0.0,0
1587662700,2020-04-23 17:25:00+00:00,0.014303,0.014303,0.014303,0.014303,0.0,0.0,0
1587663000,2020-04-23 17:30:00+00:00,0.014245,0.014245,0.014245,0.014245,0.014245,8.502511,3
1587663300,2020-04-23 17:35:00+00:00,0.014245,0.014245,0.014245,0.014245,0.0,0.0,0
1587663600,2020-04-23 17:40:00+00:00,0.014245,0.014245,0.014245,0.014245,0.0,0.0,0
1587663900,2020-04-23 17:45:00+00:00,0.014245,0.014245,0.014245,0.014245,0.0,0.0,0
1587665400,2020-04-23 18:10:00+00:00,0.014245,0.014245,0.014245,0.014245,0.0,0.0,0
1587665700,2020-04-23 18:15:00+00:00,0.014245,0.014245,0.014245,0.014245,0.0,0.0,0
1587666600,2020-04-23 18:30:00+00:00,0.014245,0.014245,0.014245,0.014245,0.0,0.0,0
1587666900,2020-04-23 18:35:00+00:00,0.014245,0.014245,0.014245,0.014245,0.0,0.0,0
1587667500,2020-04-23 18:45:00+00:00,0.014245,0.014245,0.014245,0.014245,0.0,0.0,0
1587667800,2020-04-23 18:50:00+00:00,0.014245,0.014245,0.014245,0.014245,0.0,0.0,0
1587668100,2020-04-23 18:55:00+00:00,0.014245,0.014245,0.014245,0.014245,0.0,0.0,0
1587668400,2020-04-23 19:00:00+00:00,0.014245,0.014245,0.014245,0.014245,0.0,0.0,0
1587669000,2020-04-23 19:10:00+00:00,0.014245,0.014245,0.014245,0.014245,0.0,0.0,0
1587669300,2020-04-23 19:15:00+00:00,0.014309,0.014309,0.014309,0.014309,0.014309,101.0,4
1587669600,2020-04-23 19:20:00+00:00,0.014334,0.014334,0.014334,0.014334,0.014334,14.774000000000001,2
1587670500,2020-04-23 19:35:00+00:00,0.014334,0.014334,0.014334,0.014334,0.0,0.0,0
1587670800,2020-04-23 19:40:00+00:00,0.014334,0.014334,0.014334,0.014334,0.0,0.0,0
1587671100,2020-04-23 19:45:00+00:00,0.014334,0.014334,0.014334,0.014334,0.0,0.0,0
1587671400,2020-04-23 19:50:00+00:00,0.014334,0.014334,0.014334,0.014334,0.0,0.0,0
1587671700,2020-04-23 19:55:00+00:00,0.014334,0.014334,0.014334,0.014334,0.0,0.0,0
1587672000,2020-04-23 20:00:00+00:00,0.014334,0.014334,0.014334,0.014334,0.0,0.0,0
1587672300,2020-04-23 20:05:00+00:00,0.014334,0.014334,0.014334,0.014334,0.0,0.0,0
1587672600,2020-04-23 20:10:00+00:00,0.014334,0.014334,0.014334,0.014334,0.0,0.0,0
1587672900,2020-04-23 20:15:00+00:00,0.014334,0.014334,0.014334,0.014334,0.0,0.0,0
1587673200,2020-04-23 20:20:00+00:00,0.014334,0.014334,0.014334,0.014334,0.0,0.0,0
1587673500,2020-04-23 20:25:00+00:00,0.014334,0.014334,0.014334,0.014334,0.0,0.0,0
1587673800,2020-04-23 20:30:00+00:00,0.014334,0.014334,0.014334,0.014334,0.0,0.0,0
1587674100,2020-04-23 20:35:00+00:00,0.014334,0.014334,0.014334,0.014334,0.0,0.0,0
1587674400,2020-04-23 20:40:00+00:00,0.014334,0.014334,0.014334,0.014334,0.0,0.0,0
1587674700,2020-04-23 20:45:00+00:00,0.014334,0.014334,0.014334,0.014334,0.0,0.0,0
1587675000,2020-04-23 20:50:00+00:00,0.014302,0.014302,0.014302,0.014302,0.014302,20.35581,4
1587676200,2020-04-23 21:10:00+00:00,0.014302,0.014302,0.014302,0.014302,0.0,0.0,0
1587676500,2020-04-23 21:15:00+00:00,0.014302,0.014421000000000003,0.014302,0.014421000000000003,0.014409,346.0,5
1587676800,2020-04-23 21:20:00+00:00,0.014421000000000003,0.014421000000000003,0.014421000000000003,0.014421000000000003,0.0,0.0,0
1587677100,2020-04-23 21:25:00+00:00,0.014421000000000003,0.014421000000000003,0.014421000000000003,0.014421000000000003,0.0,0.0,0
1587677400,2020-04-23 21:30:00+00:00,0.014421000000000003,0.014421000000000003,0.014421000000000003,0.014421000000000003,0.0,0.0,0
1587677700,2020-04-23 21:35:00+00:00,0.01439,0.014392,0.01439,0.014392,0.01439,297.74789404,3
1587678000,2020-04-23 21:40:00+00:00,0.014392,0.014392,0.014392,0.014392,0.0,0.0,0
1587679200,2020-04-23 22:00:00+00:00,0.014392,0.014392,0.014392,0.014392,0.0,0.0,0
1587679500,2020-04-23 22:05:00+00:00,0.014392,0.014392,0.014392,0.014392,0.0,0.0,0
1587679800,2020-04-23 22:10:00+00:00,0.014392,0.014392,0.014392,0.014392,0.0,0.0,0
1587680100,2020-04-23 22:15:00+00:00,0.014379,0.014379,0.014379,0.014379,0.014379,31.76155435,1
1587680400,2020-04-23 22:20:00+00:00,0.014379,0.014379,0.014379,0.014379,0.0,0.0,0
1587680700,2020-04-23 22:25:00+00:00,0.014379,0.014379,0.014379,0.014379,0.0,0.0,0
1587681000,2020-04-23 22:30:00+00:00,0.014379,0.014379,0.014379,0.014379,0.0,0.0,0
1587681300,2020-04-23 22:35:00+00:00,0.014379,0.014379,0.014379,0.014379,0.0,0.0,0
1587681600,2020-04-23 22:40:00+00:00,0.014379,0.014379,0.014379,0.014379,0.0,0.0,0
1587681900,2020-04-23 22:45:00+00:00,0.014379,0.014379,0.014379,0.014379,0.0,0.0,0
1587682200,2020-04-23 22:50:00+00:00,0.014379,0.014379,0.014327,0.014327,0.014327,48.0,1
1587682500,2020-04-23 22:55:00+00:00,0.014327,0.014327,0.014327,0.014327,0.0,0.0,0
1587682800,2020-04-23 23:00:00+00:00,0.014327,0.014327,0.014327,0.014327,0.0,0.0,0
1587683100,2020-04-23 23:05:00+00:00,0.014327,0.014327,0.014327,0.014327,0.0,0.0,0
1587683400,2020-04-23 23:10:00+00:00,0.014327,0.014327,0.014327,0.014327,0.0,0.0,0
1587684000,2020-04-23 23:20:00+00:00,0.014327,0.014327,0.014327,0.014327,0.0,0.0,0
1587684300,2020-04-23 23:25:00+00:00,0.014327,0.014327,0.014327,0.014327,0.0,0.0,0
1587684600,2020-04-23 23:30:00+00:00,0.014327,0.014327,0.014327,0.014327,0.0,0.0,0
1587684900,2020-04-23 23:35:00+00:00,0.014327,0.014480000000000003,0.014327,0.014480000000000003,0.014480000000000003,30.0,1
1587685200,2020-04-23 23:40:00+00:00,0.014480000000000003,0.014480000000000003,0.014480000000000003,0.014480000000000003,0.0,0.0,0
1587685500,2020-04-23 23:45:00+00:00,0.014480000000000003,0.014480000000000003,0.014480000000000003,0.014480000000000003,0.0,0.0,0
1587685800,2020-04-23 23:50:00+00:00,0.014480000000000003,0.014480000000000003,0.014429,0.014429,0.014429,10.0,1
1587686700,2020-04-24 00:05:00+00:00,0.014429,0.014429,0.014429,0.014429,0.0,0.0,0
1587687000,2020-04-24 00:10:00+00:00,0.014429,0.014429,0.014429,0.014429,0.0,0.0,0
1587687300,2020-04-24 00:15:00+00:00,0.014429,0.014429,0.014429,0.014429,0.0,0.0,0
1587688500,2020-04-24 00:35:00+00:00,0.014429,0.014429,0.014429,0.014429,0.0,0.0,0
1587688800,2020-04-24 00:40:00+00:00,0.014429,0.014429,0.014413999999999996,0.014416,0.014413999999999996,125.0,2
1587690900,2020-04-24 01:15:00+00:00,0.014416,0.014416,0.014416,0.014416,0.0,0.0,0
1587691200,2020-04-24 01:20:00+00:00,0.014416,0.014416,0.014416,0.014416,0.0,0.0,0
1587691500,2020-04-24 01:25:00+00:00,0.014416,0.014416,0.014416,0.014416,0.0,0.0,0
1587691800,2020-04-24 01:30:00+00:00,0.014416,0.014416,0.014416,0.014416,0.0,0.0,0
1587692100,2020-04-24 01:35:00+00:00,0.014416,0.014416,0.014416,0.014416,0.0,0.0,0
1587692400,2020-04-24 01:40:00+00:00,0.014416,0.014416,0.014416,0.014416,0.0,0.0,0
1587692700,2020-04-24 01:45:00+00:00,0.014416,0.014416,0.014416,0.014416,0.0,0.0,0
1587693000,2020-04-24 01:50:00+00:00,0.014416,0.014416,0.014416,0.014416,0.0,0.0,0
1587693300,2020-04-24 01:55:00+00:00,0.014416,0.014416,0.014416,0.014416,0.0,0.0,0
1587693600,2020-04-24 02:00:00+00:00,0.014416,0.014416,0.014416,0.014416,0.0,0.0,0
1587693900,2020-04-24 02:05:00+00:00,0.014416,0.014416,0.014416,0.014416,0.0,0.0,0
1587694500,2020-04-24 02:15:00+00:00,0.014416,0.014416,0.014416,0.014416,0.0,0.0,0
1587694800,2020-04-24 02:20:00+00:00,0.014416,0.014416,0.014416,0.014416,0.0,0.0,0
1587695100,2020-04-24 02:25:00+00:00,0.014416,0.014416,0.014416,0.014416,0.0,0.0,0
1587696000,2020-04-24 02:40:00+00:00,0.014416,0.014416,0.014416,0.014416,0.0,0.0,0
1587696300,2020-04-24 02:45:00+00:00,0.014416,0.014416,0.014416,0.014416,0.0,0.0,0
1587696600,2020-04-24 02:50:00+00:00,0.014416,0.014416,0.014416,0.014416,0.0,0.0,0
1587698400,2020-04-24 03:20:00+00:00,0.014416,0.014416,0.014416,0.014416,0.0,0.0,0
1587698700,2020-04-24 03:25:00+00:00,0.014416,0.014416,0.014416,0.014416,0.0,0.0,0
1587699000,2020-04-24 03:30:00+00:00,0.014416,0.014416,0.014416,0.014416,0.0,0.0,0
1587699300,2020-04-24 03:35:00+00:00,0.014416,0.014416,0.014416,0.014416,0.0,0.0,0
1587699600,2020-04-24 03:40:00+00:00,0.014416,0.014416,0.014416,0.014416,0.0,0.0,0
1587699900,2020-04-24 03:45:00+00:00,0.014416,0.014416,0.014416,0.014416,0.0,0.0,0
1587700200,2020-04-24 03:50:00+00:00,0.014416,0.014416,0.014416,0.014416,0.0,0.0,0
1587700500,2020-04-24 03:55:00+00:00,0.014416,0.014416,0.014416,0.014416,0.0,0.0,0
1587700800,2020-04-24 04:00:00+00:00,0.014416,0.014416,0.014416,0.014416,0.0,0.0,0
1587701100,2020-04-24 04:05:00+00:00,0.014416,0.014416,0.014416,0.014416,0.0,0.0,0
1587701400,2020-04-24 04:10:00+00:00,0.014416,0.014416,0.014416,0.014416,0.0,0.0,0
1587701700,2020-04-24 04:15:00+00:00,0.014416,0.014416,0.014416,0.014416,0.0,0.0,0
1587702000,2020-04-24 04:20:00+00:00,0.014416,0.014416,0.014416,0.014416,0.0,0.0,0
1587702300,2020-04-24 04:25:00+00:00,0.014416,0.014416,0.014416,0.014416,0.0,0.0,0
1587702600,2020-04-24 04:30:00+00:00,0.014416,0.014416,0.014416,0.014416,0.0,0.0,0
1587702900,2020-04-24 04:35:00+00:00,0.014416,0.014416,0.014416,0.014416,0.0,0.0,0
1587704700,2020-04-24 05:05:00+00:00,0.014416,0.014416,0.014416,0.014416,0.0,0.0,0
1587705000,2020-04-24 05:10:00+00:00,0.014416,0.014416,0.014416,0.014416,0.0,0.0,0
1587705900,2020-04-24 05:25:00+00:00,0.014416,0.014416,0.014416,0.014416,0.0,0.0,0
1587706200,2020-04-24 05:30:00+00:00,0.014416,0.014416,0.014416,0.014416,0.0,0.0,0
1587706500,2020-04-24 05:35:00+00:00,0.014416,0.014416,0.014416,0.014416,0.0,0.0,0
1587706800,2020-04-24 05:40:00+00:00,0.014416,0.014416,0.014416,0.014416,0.0,0.0,0
1587707100,2020-04-24 05:45:00+00:00,0.014416,0.014416,0.014416,0.014416,0.0,0.0,0
1587707400,2020-04-24 05:50:00+00:00,0.014416,0.014416,0.014416,0.014416,0.0,0.0,0
1587708300,2020-04-24 06:05:00+00:00,0.014416,0.014416,0.014416,0.014416,0.0,0.0,0
1587708600,2020-04-24 06:10:00+00:00,0.014416,0.014416,0.014416,0.014416,0.0,0.0,0
1587708900,2020-04-24 06:15:00+00:00,0.014416,0.014416,0.014416,0.014416,0.0,0.0,0
1587709200,2020-04-24 06:20:00+00:00,0.014416,0.014416,0.014416,0.014416,0.0,0.0,0
1587709500,2020-04-24 06:25:00+00:00,0.014416,0.014416,0.014416,0.014416,0.0,0.0,0
1587709800,2020-04-24 06:30:00+00:00,0.014416,0.014416,0.014416,0.014416,0.0,0.0,0
1587710100,2020-04-24 06:35:00+00:00,0.014416,0.014416,0.014416,0.014416,0.0,0.0,0
1587710400,2020-04-24 06:40:00+00:00,0.014416,0.014416,0.014416,0.014416,0.0,0.0,0
1587711600,2020-04-24 07:00:00+00:00,0.014416,0.014416,0.014416,0.014416,0.0,0.0,0
1587711900,2020-04-24 07:05:00+00:00,0.014371,0.014371,0.014371,0.014371,0.014371,39.19,3
1587712500,2020-04-24 07:15:00+00:00,0.014371,0.014371,0.014371,0.014371,0.0,0.0,0
1587712800,2020-04-24 07:20:00+00:00,0.014371,0.014371,0.014371,0.014371,0.0,0.0,0
1587714000,2020-04-24 07:40:00+00:00,0.014371,0.014371,0.014371,0.014371,0.0,0.0,0
1587714300,2020-04-24 07:45:00+00:00,0.014371,0.014371,0.014371,0.014371,0.0,0.0,0
1587715500,2020-04-24 08:05:00+00:00,0.014371,0.014371,0.014371,0.014371,0.0,0.0,0
1587715800,2020-04-24 08:10:00+00:00,0.014371,0.014371,0.014371,0.014371,0.0,0.0,0
1587717300,2020-04-24 08:35:00+00:00,0.014371,0.014371,0.014371,0.014371,0.0,0.0,0
1587717600,2020-04-24 08:40:00+00:00,0.014371,0.014371,0.014371,0.014371,0.0,0.0,0
1587717900,2020-04-24 08:45:00+00:00,0.014371,0.014371,0.014371,0.014371,0.0,0.0,0
1587718200,2020-04-24 08:50:00+00:00,0.014371,0.014371,0.014371,0.014371,0.0,0.0,0
1587718500,2020-04-24 08:55:00+00:00,0.014371,0.014371,0.014371,0.014371,0.0,0.0,0
1587718800,2020-04-24 09:00:00+00:00,0.014371,0.014371,0.014371,0.014371,0.0,0.0,0
1587719100,2020-04-24 09:05:00+00:00,0.014371,0.014371,0.014371,0.014371,0.0,0.0,0
1587719400,2020-04-24 09:10:00+00:00,0.014371,0.014371,0.014371,0.014371,0.0,0.0,0
1587719700,2020-04-24 09:15:00+00:00,0.014371,0.014371,0.014371,0.014371,0.0,0.0,0
1587720600,2020-04-24 09:30:00+00:00,0.014371,0.014371,0.014371,0.014371,0.0,0.0,0
1587720900,2020-04-24 09:35:00+00:00,0.014371,0.014371,0.014371,0.014371,0.0,0.0,0
1587721500,2020-04-24 09:45:00+00:00,0.014371,0.014371,0.014371,0.014371,0.0,0.0,0
1587721800,2020-04-24 09:50:00+00:00,0.014469,0.014486,0.014469,0.014486,0.014477,131.83930244,2
1587722100,2020-04-24 09:55:00+00:00,0.014486,0.014486,0.014486,0.014486,0.0,0.0,0
1587722400,2020-04-24 10:00:00+00:00,0.014486,0.014486,0.014486,0.014486,0.0,0.0,0
1587722700,2020-04-24 10:05:00+00:00,0.014486,0.014486,0.014466,0.014466,0.014466,72.67857894,1
1587723600,2020-04-24 10:20:00+00:00,0.014466,0.014466,0.014466,0.014466,0.0,0.0,0
1587723900,2020-04-24 10:25:00+00:00,0.014466,0.014466,0.014466,0.014466,0.0,0.0,0
1587724200,2020-04-24 10:30:00+00:00,0.014466,0.014466,0.014466,0.014466,0.0,0.0,0
1587724500,2020-04-24 10:35:00+00:00,0.014466,0.014466,0.014466,0.014466,0.0,0.0,0
1587724800,2020-04-24 10:40:00+00:00,0.014466,0.014466,0.014466,0.014466,0.0,0.0,0
1587725100,2020-04-24 10:45:00+00:00,0.014466,0.014466,0.014466,0.014466,0.0,0.0,0
1587725700,2020-04-24 10:55:00+00:00,0.014466,0.014466,0.014466,0.014466,0.0,0.0,0
1587726000,2020-04-24 11:00:00+00:00,0.014441999999999997,0.014441999999999997,0.014441999999999997,0.014441999999999997,0.014441999999999997,15.9347,2
1587726300,2020-04-24 11:05:00+00:00,0.014441999999999997,0.014441999999999997,0.014441999999999997,0.014441999999999997,0.0,0.0,0
1587726600,2020-04-24 11:10:00+00:00,0.014441999999999997,0.014441999999999997,0.014441999999999997,0.014441999999999997,0.0,0.0,0
1587726900,2020-04-24 11:15:00+00:00,0.014441999999999997,0.014441999999999997,0.014441999999999997,0.014441999999999997,0.0,0.0,0
1587727200,2020-04-24 11:20:00+00:00,0.014469,0.014469,0.014469,0.014469,0.014469,6.35206938,1
1587727500,2020-04-24 11:25:00+00:00,0.014469,0.014469,0.014469,0.014469,0.0,0.0,0
1587727800,2020-04-24 11:30:00+00:00,0.014469,0.014469,0.014469,0.014469,0.0,0.0,0
1587728100,2020-04-24 11:35:00+00:00,0.014469,0.014469,0.014469,0.014469,0.0,0.0,0
1587728400,2020-04-24 11:40:00+00:00,0.014469,0.014469,0.014469,0.014469,0.0,0.0,0
1587728700,2020-04-24 11:45:00+00:00,0.014469,0.014469,0.014469,0.014469,0.0,0.0,0
1587729000,2020-04-24 11:50:00+00:00,0.014469,0.014469,0.014469,0.014469,0.0,0.0,0
1587729300,2020-04-24 11:55:00+00:00,0.014469,0.014469,0.014469,0.014469,0.0,0.0,0
1587729600,2020-04-24 12:00:00+00:00,0.014469,0.014469,0.014469,0.014469,0.0,0.0,0
1587730200,2020-04-24 12:10:00+00:00,0.014469,0.014469,0.014469,0.014469,0.0,0.0,0
1587730500,2020-04-24 12:15:00+00:00,0.014469,0.014469,0.014469,0.014469,0.0,0.0,0
1587730800,2020-04-24 12:20:00+00:00,0.014469,0.014469,0.014469,0.014469,0.0,0.0,0
1587731100,2020-04-24 12:25:00+00:00,0.014469,0.014469,0.014469,0.014469,0.0,0.0,0
1587731400,2020-04-24 12:30:00+00:00,0.014469,0.014469,0.014469,0.014469,0.0,0.0,0
1587731700,2020-04-24 12:35:00+00:00,0.014469,0.014469,0.014469,0.014469,0.0,0.0,0
1587732000,2020-04-24 12:40:00+00:00,0.014469,0.014469,0.014469,0.014469,0.0,0.0,0
1587732300,2020-04-24 12:45:00+00:00,0.014469,0.014469,0.014469,0.014469,0.0,0.0,0
1587732900,2020-04-24 12:55:00+00:00,0.014469,0.014469,0.014469,0.014469,0.0,0.0,0
1587733200,2020-04-24 13:00:00+00:00,0.014469,0.014469,0.014469,0.014469,0.0,0.0,0
1587733500,2020-04-24 13:05:00+00:00,0.014469,0.014469,0.014469,0.014469,0.0,0.0,0
1587733800,2020-04-24 13:10:00+00:00,0.014469,0.014469,0.014469,0.014469,0.0,0.0,0
1587734100,2020-04-24 13:15:00+00:00,0.014469,0.014469,0.014469,0.014469,0.0,0.0,0
1587735000,2020-04-24 13:30:00+00:00,0.014469,0.014469,0.014469,0.014469,0.0,0.0,0
1587735300,2020-04-24 13:35:00+00:00,0.014469,0.014469,0.014469,0.014469,0.0,0.0,0
1587735600,2020-04-24 13:40:00+00:00,0.014469,0.014469,0.014469,0.014469,0.0,0.0,0
1587736500,2020-04-24 13:55:00+00:00,0.014469,0.014469,0.014469,0.014469,0.0,0.0,0
1587736800,2020-04-24 14:00:00+00:00,0.014469,0.014469,0.014469,0.014469,0.0,0.0,0
1587737700,2020-04-24 14:15:00+00:00,0.014469,0.014469,0.014469,0.014469,0.0,0.0,0
1587738000,2020-04-24 14:20:00+00:00,0.014469,0.014469,0.014469,0.014469,0.0,0.0,0
1587738300,2020-04-24 14:25:00+00:00,0.014469,0.014469,0.014469,0.014469,0.0,0.0,0
1587738600,2020-04-24 14:30:00+00:00,0.014469,0.014469,0.014469,0.014469,0.0,0.0,0
1587738900,2020-04-24 14:35:00+00:00,0.014469,0.014469,0.014469,0.014469,0.0,0.0,0
1587739200,2020-04-24 14:40:00+00:00,0.014469,0.014469,0.014469,0.014469,0.0,0.0,0
1587739500,2020-04-24 14:45:00+00:00,0.014399,0.014399,0.014399,0.014399,0.014399,10.0,4
1587740100,2020-04-24 14:55:00+00:00,0.014399,0.014399,0.014399,0.014399,0.0,0.0,0
1587740400,2020-04-24 15:00:00+00:00,0.014399,0.014399,0.014399,0.014399,0.0,0.0,0
1587741600,2020-04-24 15:20:00+00:00,0.014399,0.014399,0.014399,0.014399,0.0,0.0,0
1587741900,2020-04-24 15:25:00+00:00,0.014399,0.014399,0.014399,0.014399,0.0,0.0,0
1587742200,2020-04-24 15:30:00+00:00,0.014399,0.014399,0.014399,0.014399,0.0,0.0,0
1587744000,2020-04-24 16:00:00+00:00,0.014399,0.014399,0.014399,0.014399,0.0,0.0,0
1587744300,2020-04-24 16:05:00+00:00,0.014399,0.014399,0.014399,0.014399,0.0,0.0,0
1587745200,2020-04-24 16:20:00+00:00,0.014399,0.014399,0.014399,0.014399,0.0,0.0,0
1587745500,2020-04-24 16:25:00+00:00,0.014399,0.014399,0.014399,0.014399,0.0,0.0,0
1587745800,2020-04-24 16:30:00+00:00,0.014399,0.014399,0.014399,0.014399,0.0,0.0,0
1587746100,2020-04-24 16:35:00+00:00,0.014399,0.014399,0.014399,0.014399,0.0,0.0,0
1587746400,2020-04-24 16:40:00+00:00,0.014399,0.014399,0.014399,0.014399,0.0,0.0,0
1587746700,2020-04-24 16:45:00+00:00,0.014399,0.014399,0.014399,0.014399,0.0,0.0,0
1587747300,2020-04-24 16:55:00+00:00,0.014399,0.014399,0.014399,0.014399,0.0,0.0,0
1587747600,2020-04-24 17:00:00+00:00,0.014399,0.014399,0.014399,0.014399,0.0,0.0,0
1587747900,2020-04-24 17:05:00+00:00,0.014399,0.014399,0.014399,0.014399,0.0,0.0,0
1587748200,2020-04-24 17:10:00+00:00,0.014399,0.014399,0.014399,0.014399,0.0,0.0,0
1587748500,2020-04-24 17:15:00+00:00,0.014399,0.014399,0.014399,0.014399,0.0,0.0,0
1587749700,2020-04-24 17:35:00+00:00,0.014399,0.014399,0.014399,0.014399,0.0,0.0,0
1587750000,2020-04-24 17:40:00+00:00,0.014399,0.014399,0.014399,0.014399,0.0,0.0,0
1587750300,2020-04-24 17:45:00+00:00,0.014399,0.014399,0.014399,0.014399,0.0,0.0,0
1587750600,2020-04-24 17:50:00+00:00,0.014399,0.014399,0.014399,0.014399,0.0,0.0,0
1587750900,2020-04-24 17:55:00+00:00,0.014399,0.014399,0.014399,0.014399,0.0,0.0,0
1587752400,2020-04-24 18:20:00+00:00,0.014399,0.014399,0.014399,0.014399,0.0,0.0,0
1587752700,2020-04-24 18:25:00+00:00,0.014399,0.014399,0.014399,0.014399,0.0,0.0,0
1587753000,2020-04-24 18:30:00+00:00,0.014399,0.014399,0.014399,0.014399,0.0,0.0,0
1587753300,2020-04-24 18:35:00+00:00,0.014399,0.014399,0.014399,0.014399,0.0,0.0,0
1587753600,2020-04-24 18:40:00+00:00,0.014399,0.014399,0.014399,0.014399,0.0,0.0,0
1587754800,2020-04-24 19:00:00+00:00,0.014399,0.014399,0.014399,0.014399,0.0,0.0,0
1587755100,2020-04-24 19:05:00+00:00,0.014373,0.014373,0.014373,0.014373,0.014373,6.04962394,1
1587755700,2020-04-24 19:15:00+00:00,0.014373,0.014373,0.014373,0.014373,0.0,0.0,0
1587756000,2020-04-24 19:20:00+00:00,0.014373,0.014373,0.014373,0.014373,0.0,0.0,0
1587756900,2020-04-24 19:35:00+00:00,0.014373,0.014373,0.014373,0.014373,0.0,0.0,0
1587757200,2020-04-24 19:40:00+00:00,0.014373,0.014373,0.014373,0.014373,0.0,0.0,0
1587757500,2020-04-24 19:45:00+00:00,0.014373,0.014373,0.014373,0.014373,0.0,0.0,0
1587757800,2020-04-24 19:50:00+00:00,0.014373,0.014373,0.014373,0.014373,0.0,0.0,0
1587758100,2020-04-24 19:55:00+00:00,0.014373,0.014373,0.014373,0.014373,0.0,0.0,0
1587758400,2020-04-24 20:00:00+00:00,0.014373,0.014373,0.014373,0.014373,0.0,0.0,0
1587759600,2020-04-24 20:20:00+00:00,0.014373,0.014373,0.014373,0.014373,0.0,0.0,0
1587759900,2020-04-24 20:25:00+00:00,0.014373,0.014373,0.014373,0.014373,0.0,0.0,0
1587760200,2020-04-24 20:30:00+00:00,0.014373,0.014373,0.014373,0.014373,0.0,0.0,0
1587760500,2020-04-24 20:35:00+00:00,0.014373,0.014373,0.014373,0.014373,0.0,0.0,0
1587760800,2020-04-24 20:40:00+00:00,0.014373,0.014373,0.014373,0.014373,0.0,0.0,0
1587761100,2020-04-24 20:45:00+00:00,0.014373,0.014373,0.014373,0.014373,0.0,0.0,0
1587761400,2020-04-24 20:50:00+00:00,0.014373,0.014373,0.014373,0.014373,0.0,0.0,0
1587761700,2020-04-24 20:55:00+00:00,0.014373,0.014373,0.014373,0.014373,0.0,0.0,0
1587762000,2020-04-24 21:00:00+00:00,0.014373,0.014373,0.014373,0.014373,0.0,0.0,0
1587763500,2020-04-24 21:25:00+00:00,0.014373,0.014373,0.014373,0.014373,0.0,0.0,0
1587763800,2020-04-24 21:30:00+00:00,0.014373,0.014373,0.014373,0.014373,0.0,0.0,0
1587764100,2020-04-24 21:35:00+00:00,0.014373,0.014373,0.014373,0.014373,0.0,0.0,0
1587764400,2020-04-24 21:40:00+00:00,0.014373,0.014373,0.014373,0.014373,0.0,0.0,0
1587765000,2020-04-24 21:50:00+00:00,0.014373,0.014373,0.014373,0.014373,0.0,0.0,0
1587765300,2020-04-24 21:55:00+00:00,0.014373,0.014373,0.014373,0.014373,0.0,0.0,0
1587766200,2020-04-24 22:10:00+00:00,0.014373,0.014373,0.014373,0.014373,0.0,0.0,0
1587766500,2020-04-24 22:15:00+00:00,0.014373,0.014373,0.014373,0.014373,0.0,0.0,0
1587768000,2020-04-24 22:40:00+00:00,0.014373,0.014373,0.014373,0.014373,0.0,0.0,0
1587768300,2020-04-24 22:45:00+00:00,0.014373,0.014373,0.014373,0.014373,0.0,0.0,0
1587768600,2020-04-24 22:50:00+00:00,0.014373,0.014373,0.014373,0.014373,0.0,0.0,0
1587768900,2020-04-24 22:55:00+00:00,0.014373,0.014373,0.014373,0.014373,0.0,0.0,0
1587769200,2020-04-24 23:00:00+00:00,0.014373,0.014373,0.014373,0.014373,0.0,0.0,0
1587769500,2020-04-24 23:05:00+00:00,0.014373,0.014373,0.014373,0.014373,0.0,0.0,0
1587769800,2020-04-24 23:10:00+00:00,0.014373,0.014373,0.014373,0.014373,0.0,0.0,0
1587770100,2020-04-24 23:15:00+00:00,0.014373,0.014373,0.014373,0.014373,0.0,0.0,0
1587770400,2020-04-24 23:20:00+00:00,0.014373,0.014373,0.014373,0.014373,0.0,0.0,0
1587770700,2020-04-24 23:25:00+00:00,0.014373,0.014373,0.014373,0.014373,0.0,0.0,0
1587771000,2020-04-24 23:30:00+00:00,0.014373,0.014373,0.014373,0.014373,0.0,0.0,0
1587771300,2020-04-24 23:35:00+00:00,0.014373,0.014373,0.014373,0.014373,0.0,0.0,0
1587771600,2020-04-24 23:40:00+00:00,0.014373,0.014373,0.014373,0.014373,0.0,0.0,0
1587772200,2020-04-24 23:50:00+00:00,0.014373,0.014373,0.014373,0.014373,0.0,0.0,0
1587772500,2020-04-24 23:55:00+00:00,0.014373,0.014373,0.014373,0.014373,0.0,0.0,0
1587772800,2020-04-25 00:00:00+00:00,0.014373,0.014373,0.014373,0.014373,0.0,0.0,0
1587773100,2020-04-25 00:05:00+00:00,0.014438,0.014439,0.014438,0.014439,0.014438,100.0,2
1587773400,2020-04-25 00:10:00+00:00,0.014439,0.014439,0.014439,0.014439,0.0,0.0,0
1587774000,2020-04-25 00:20:00+00:00,0.014439,0.014439,0.014439,0.014439,0.0,0.0,0
1587774300,2020-04-25 00:25:00+00:00,0.014439,0.014439,0.014439,0.014439,0.0,0.0,0
1587774600,2020-04-25 00:30:00+00:00,0.014439,0.014439,0.014439,0.014439,0.0,0.0,0
1587774900,2020-04-25 00:35:00+00:00,0.014439,0.014439,0.014439,0.014439,0.0,0.0,0
1587775500,2020-04-25 00:45:00+00:00,0.014439,0.014439,0.014439,0.014439,0.0,0.0,0
1587775800,2020-04-25 00:50:00+00:00,0.014439,0.014439,0.014439,0.014439,0.0,0.0,0
1587776100,2020-04-25 00:55:00+00:00,0.014439,0.014439,0.014439,0.014439,0.0,0.0,0
1587776400,2020-04-25 01:00:00+00:00,0.014439,0.014439,0.014439,0.014439,0.0,0.0,0
1587777300,2020-04-25 01:15:00+00:00,0.014439,0.014439,0.014439,0.014439,0.0,0.0,0
1587777600,2020-04-25 01:20:00+00:00,0.014439,0.014439,0.014439,0.014439,0.0,0.0,0
1587777900,2020-04-25 01:25:00+00:00,0.014439,0.014439,0.014439,0.014439,0.0,0.0,0
1587778200,2020-04-25 01:30:00+00:00,0.014439,0.014439,0.014439,0.014439,0.0,0.0,0
1587778500,2020-04-25 01:35:00+00:00,0.014439,0.014439,0.014439,0.014439,0.0,0.0,0
1587778800,2020-04-25 01:40:00+00:00,0.014439,0.014439,0.014439,0.014439,0.0,0.0,0
1587779700,2020-04-25 01:55:00+00:00,0.014439,0.014439,0.014439,0.014439,0.0,0.0,0
1587780000,2020-04-25 02:00:00+00:00,0.014439,0.014439,0.014439,0.014439,0.0,0.0,0
1587780300,2020-04-25 02:05:00+00:00,0.014439,0.014439,0.014439,0.014439,0.0,0.0,0
1587780600,2020-04-25 02:10:00+00:00,0.014439,0.014439,0.014439,0.014439,0.0,0.0,0
1587780900,2020-04-25 02:15:00+00:00,0.014439,0.014439,0.014439,0.014439,0.0,0.0,0
1587781200,2020-04-25 02:20:00+00:00,0.014439,0.014439,0.014439,0.014439,0.0,0.0,0
1587782100,2020-04-25 02:35:00+00:00,0.014439,0.014439,0.014439,0.014439,0.0,0.0,0
1587782400,2020-04-25 02:40:00+00:00,0.014439,0.014439,0.014439,0.014439,0.0,0.0,0
1587782700,2020-04-25 02:45:00+00:00,0.014439,0.014439,0.014439,0.014439,0.0,0.0,0
1587783000,2020-04-25 02:50:00+00:00,0.014439,0.014439,0.014439,0.014439,0.0,0.0,0
1587783300,2020-04-25 02:55:00+00:00,0.014439,0.014439,0.014439,0.014439,0.0,0.0,0
1587783600,2020-04-25 03:00:00+00:00,0.014439,0.014439,0.014439,0.014439,0.0,0.0,0
1587783900,2020-04-25 03:05:00+00:00,0.014439,0.014439,0.014439,0.014439,0.0,0.0,0
1587784800,2020-04-25 03:20:00+00:00,0.014439,0.014439,0.014439,0.014439,0.0,0.0,0
1587785100,2020-04-25 03:25:00+00:00,0.014439,0.014439,0.014439,0.014439,0.0,0.0,0
1587785700,2020-04-25 03:35:00+00:00,0.014439,0.014439,0.014439,0.014439,0.0,0.0,0
1587786000,2020-04-25 03:40:00+00:00,0.014439,0.014439,0.014439,0.014439,0.0,0.0,0
1587787200,2020-04-25 04:00:00+00:00,0.014439,0.014439,0.014439,0.014439,0.0,0.0,0
1587787500,2020-04-25 04:05:00+00:00,0.014439,0.014439,0.014439,0.014439,0.0,0.0,0
1587787800,2020-04-25 04:10:00+00:00,0.014439,0.014439,0.014439,0.014439,0.0,0.0,0
1587788400,2020-04-25 04:20:00+00:00,0.014439,0.014439,0.014439,0.014439,0.0,0.0,0
1587788700,2020-04-25 04:25:00+00:00,0.014439,0.014439,0.014439,0.014439,0.0,0.0,0
1587789300,2020-04-25 04:35:00+00:00,0.014439,0.014439,0.014439,0.014439,0.0,0.0,0
1587789600,2020-04-25 04:40:00+00:00,0.014439,0.014439,0.014439,0.014439,0.0,0.0,0
1587790800,2020-04-25 05:00:00+00:00,0.014439,0.014439,0.014439,0.014439,0.0,0.0,0
1587791100,2020-04-25 05:05:00+00:00,0.014439,0.014439,0.014439,0.014439,0.0,0.0,0
1587791400,2020-04-25 05:10:00+00:00,0.014439,0.014439,0.014439,0.014439,0.0,0.0,0
1587791700,2020-04-25 05:15:00+00:00,0.01424,0.01424,0.01424,0.01424,0.01424,132.3082162,2
1587792000,2020-04-25 05:20:00+00:00,0.01424,0.01424,0.01424,0.01424,0.0,0.0,0
1587792300,2020-04-25 05:25:00+00:00,0.014141999999999997,0.014141999999999997,0.014141999999999997,0.014141999999999997,0.014141999999999997,56.38719771,1
1587792900,2020-04-25 05:35:00+00:00,0.014141999999999997,0.014141999999999997,0.014141999999999997,0.014141999999999997,0.0,0.0,0
1587793200,2020-04-25 05:40:00+00:00,0.014141999999999997,0.014141999999999997,0.014141999999999997,0.014141999999999997,0.0,0.0,0
1587793500,2020-04-25 05:45:00+00:00,0.014141999999999997,0.014141999999999997,0.014141999999999997,0.014141999999999997,0.0,0.0,0
1587793800,2020-04-25 05:50:00+00:00,0.014191999999999996,0.014191999999999996,0.014191999999999996,0.014191999999999996,0.014191999999999996,10.0,1
1587794100,2020-04-25 05:55:00+00:00,0.01414,0.01414,0.014132,0.014132,0.014134,10.333539,4
1587794400,2020-04-25 06:00:00+00:00,0.0141,0.0141,0.0141,0.0141,0.0141,40.0,2
1587794700,2020-04-25 06:05:00+00:00,0.0141,0.0141,0.0141,0.0141,0.0,0.0,0
1587795000,2020-04-25 06:10:00+00:00,0.0141,0.0141,0.0141,0.0141,0.0,0.0,0
1587795300,2020-04-25 06:15:00+00:00,0.0141,0.0141,0.0141,0.0141,0.0,0.0,0
1587796200,2020-04-25 06:30:00+00:00,0.0141,0.0141,0.0141,0.0141,0.0,0.0,0
1587796500,2020-04-25 06:35:00+00:00,0.0141,0.0141,0.0141,0.0141,0.0,0.0,0
1587796800,2020-04-25 06:40:00+00:00,0.0141,0.0141,0.0141,0.0141,0.0,0.0,0
1587797100,2020-04-25 06:45:00+00:00,0.0141,0.0141,0.0141,0.0141,0.0,0.0,0
1587797400,2020-04-25 06:50:00+00:00,0.014016,0.014016,0.014016,0.014016,0.014016,12.0,1
1587797700,2020-04-25 06:55:00+00:00,0.014016,0.014016,0.014016,0.014016,0.0,0.0,0
1587798000,2020-04-25 07:00:00+00:00,0.014016,0.014016,0.014016,0.014016,0.0,0.0,0
1587798300,2020-04-25 07:05:00+00:00,0.014016,0.014016,0.014016,0.014016,0.0,0.0,0
1587798600,2020-04-25 07:10:00+00:00,0.014016,0.014016,0.013999999999999999,0.013999999999999999,0.013999999999999999,25.000006,4
1587798900,2020-04-25 07:15:00+00:00,0.013999999999999999,0.013999999999999999,0.013999999999999999,0.013999999999999999,0.0,0.0,0
1587799200,2020-04-25 07:20:00+00:00,0.013999999999999999,0.013999999999999999,0.013999999999999999,0.013999999999999999,0.0,0.0,0
1587799500,2020-04-25 07:25:00+00:00,0.014084,0.014085,0.014066999999999998,0.014075999999999997,0.014078,216.23895934,5
1587799800,2020-04-25 07:30:00+00:00,0.014074,0.014075999999999997,0.014058,0.014058,0.014068,250.0,3
1587800400,2020-04-25 07:40:00+00:00,0.014058,0.014058,0.014058,0.014058,0.0,0.0,0
1587800700,2020-04-25 07:45:00+00:00,0.014058,0.014058,0.014058,0.014058,0.0,0.0,0
1587801000,2020-04-25 07:50:00+00:00,0.014058,0.014058,0.014058,0.014058,0.0,0.0,0
1587801300,2020-04-25 07:55:00+00:00,0.014058,0.014058,0.014058,0.014058,0.0,0.0,0
1587801600,2020-04-25 08:00:00+00:00,0.014058,0.014058,0.014058,0.014058,0.0,0.0,0
1587801900,2020-04-25 08:05:00+00:00,0.014058,0.014058,0.014058,0.014058,0.0,0.0,0
1587802200,2020-04-25 08:10:00+00:00,0.014058,0.014058,0.014058,0.014058,0.0,0.0,0
1587802500,2020-04-25 08:15:00+00:00,0.014058,0.014058,0.014058,0.014058,0.0,0.0,0
1587802800,2020-04-25 08:20:00+00:00,0.014058,0.014058,0.014058,0.014058,0.0,0.0,0
1587803100,2020-04-25 08:25:00+00:00,0.014058,0.014058,0.014058,0.014058,0.0,0.0,0
1587803400,2020-04-25 08:30:00+00:00,0.014058,0.014058,0.014058,0.014058,0.0,0.0,0
1587804300,2020-04-25 08:45:00+00:00,0.014058,0.014058,0.014058,0.014058,0.0,0.0,0
1587804600,2020-04-25 08:50:00+00:00,0.014058,0.014058,0.014058,0.014058,0.0,0.0,0
1587805500,2020-04-25 09:05:00+00:00,0.014058,0.014058,0.014058,0.014058,0.0,0.0,0
1587805800,2020-04-25 09:10:00+00:00,0.014058,0.014058,0.014058,0.014058,0.0,0.0,0
1587806100,2020-04-25 09:15:00+00:00,0.014058,0.014058,0.014058,0.014058,0.0,0.0,0
1587806400,2020-04-25 09:20:00+00:00,0.014058,0.014058,0.014058,0.014058,0.0,0.0,0
1587806700,2020-04-25 09:25:00+00:00,0.014058,0.014058,0.014058,0.014058,0.0,0.0,0
1587808200,2020-04-25 09:50:00+00:00,0.014058,0.014058,0.014058,0.014058,0.0,0.0,0
1587808500,2020-04-25 09:55:00+00:00,0.014058,0.014058,0.014058,0.014058,0.0,0.0,0
1587809100,2020-04-25 10:05:00+00:00,0.014058,0.014058,0.014058,0.014058,0.0,0.0,0
1587809400,2020-04-25 10:10:00+00:00,0.014058,0.014058,0.013996,0.013996,0.014003,360.0,6
1587809700,2020-04-25 10:15:00+00:00,0.013996,0.013996,0.013996,0.013996,0.0,0.0,0
1587810000,2020-04-25 10:20:00+00:00,0.013996,0.013996,0.013996,0.013996,0.0,0.0,0
1587810300,2020-04-25 10:25:00+00:00,0.013996,0.013996,0.013996,0.013996,0.0,0.0,0
1587810600,2020-04-25 10:30:00+00:00,0.013996,0.013996,0.013996,0.013996,0.0,0.0,0
1587810900,2020-04-25 10:35:00+00:00,0.013996,0.013996,0.013996,0.013996,0.0,0.0,0
1587811500,2020-04-25 10:45:00+00:00,0.013996,0.013996,0.013996,0.013996,0.0,0.0,0
1587811800,2020-04-25 10:50:00+00:00,0.013996,0.013996,0.013996,0.013996,0.0,0.0,0
1587812400,2020-04-25 11:00:00+00:00,0.013996,0.013996,0.013996,0.013996,0.0,0.0,0
1587812700,2020-04-25 11:05:00+00:00,0.013996,0.013996,0.013996,0.013996,0.0,0.0,0
1587597600,2020-04-22 23:20:00+00:00,0.014468,0.014468,0.014468,0.014468,0.0,0.0,0
1587597900,2020-04-22 23:25:00+00:00,0.014468,0.014468,0.014468,0.014468,0.0,0.0,0
1587598800,2020-04-22 23:40:00+00:00,0.014468,0.014468,0.014468,0.014468,0.0,0.0,0
1587599100,2020-04-22 23:45:00+00:00,0.014468,0.014468,0.014468,0.014468,0.0,0.0,0
1587602100,2020-04-23 00:35:00+00:00,0.014468,0.014468,0.014468,0.014468,0.0,0.0,0
1587602400,2020-04-23 00:40:00+00:00,0.014468,0.014468,0.014468,0.014468,0.0,0.0,0
1587602700,2020-04-23 00:45:00+00:00,0.014468,0.014468,0.014468,0.014468,0.0,0.0,0
1587605100,2020-04-23 01:25:00+00:00,0.014468,0.014468,0.014468,0.014468,0.0,0.0,0
1587607800,2020-04-23 02:10:00+00:00,0.0142,0.0142,0.0142,0.0142,0.0,0.0,0
1587608100,2020-04-23 02:15:00+00:00,0.0142,0.0142,0.0142,0.0142,0.0,0.0,0
1587608400,2020-04-23 02:20:00+00:00,0.0142,0.0142,0.0142,0.0142,0.0,0.0,0
1587609000,2020-04-23 02:30:00+00:00,0.0142,0.0142,0.0142,0.0142,0.0,0.0,0
1587611400,2020-04-23 03:10:00+00:00,0.0142,0.0142,0.0142,0.0142,0.0,0.0,0
1587611700,2020-04-23 03:15:00+00:00,0.0142,0.0142,0.0142,0.0142,0.0,0.0,0
1587612600,2020-04-23 03:30:00+00:00,0.0142,0.0142,0.0142,0.0142,0.0,0.0,0
1587613200,2020-04-23 03:40:00+00:00,0.0142,0.0142,0.0142,0.0142,0.0,0.0,0
1587613500,2020-04-23 03:45:00+00:00,0.0142,0.0142,0.0142,0.0142,0.0,0.0,0
1587613800,2020-04-23 03:50:00+00:00,0.0142,0.0142,0.0142,0.0142,0.0,0.0,0
1587619200,2020-04-23 05:20:00+00:00,0.0142,0.0142,0.0142,0.0142,0.0,0.0,0
1587621000,2020-04-23 05:50:00+00:00,0.0142,0.0142,0.0142,0.0142,0.0,0.0,0
1587621900,2020-04-23 06:05:00+00:00,0.0142,0.0142,0.0142,0.0142,0.0,0.0,0
1587623700,2020-04-23 06:35:00+00:00,0.0142,0.0142,0.0142,0.0142,0.0,0.0,0
1587624300,2020-04-23 06:45:00+00:00,0.0142,0.0142,0.0142,0.0142,0.0,0.0,0
1587624600,2020-04-23 06:50:00+00:00,0.0142,0.0142,0.0142,0.0142,0.0,0.0,0
1587627000,2020-04-23 07:30:00+00:00,0.0142,0.0142,0.0142,0.0142,0.0,0.0,0
1587628800,2020-04-23 08:00:00+00:00,0.0142,0.0142,0.0142,0.0142,0.0,0.0,0
1587629100,2020-04-23 08:05:00+00:00,0.0142,0.0142,0.0142,0.0142,0.0,0.0,0
1587631200,2020-04-23 08:40:00+00:00,0.0142,0.0142,0.0142,0.0142,0.0,0.0,0
1587633600,2020-04-23 09:20:00+00:00,0.0142,0.0142,0.0142,0.0142,0.0,0.0,0
1587633900,2020-04-23 09:25:00+00:00,0.0142,0.0142,0.0142,0.0142,0.0,0.0,0
1587634500,2020-04-23 09:35:00+00:00,0.0142,0.0142,0.0142,0.0142,0.0,0.0,0
1587634800,2020-04-23 09:40:00+00:00,0.0142,0.0142,0.0142,0.0142,0.0,0.0,0
1587635700,2020-04-23 09:55:00+00:00,0.0142,0.0142,0.0142,0.0142,0.0,0.0,0
1587636000,2020-04-23 10:00:00+00:00,0.0142,0.0142,0.0142,0.0142,0.0,0.0,0
1587636300,2020-04-23 10:05:00+00:00,0.0142,0.0142,0.0142,0.0142,0.0,0.0,0
1587643800,2020-04-23 12:10:00+00:00,0.0142,0.0142,0.0142,0.0142,0.0,0.0,0
1587644100,2020-04-23 12:15:00+00:00,0.0142,0.0142,0.0142,0.0142,0.0,0.0,0
1587645300,2020-04-23 12:35:00+00:00,0.0142,0.0142,0.0142,0.0142,0.0,0.0,0
1587645600,2020-04-23 12:40:00+00:00,0.0142,0.0142,0.0142,0.0142,0.0,0.0,0
1587645900,2020-04-23 12:45:00+00:00,0.0142,0.0142,0.0142,0.0142,0.0,0.0,0
1587646800,2020-04-23 13:00:00+00:00,0.0142,0.0142,0.0142,0.0142,0.0,0.0,0
1587649800,2020-04-23 13:50:00+00:00,0.014251,0.014251,0.014251,0.014251,0.0,0.0,0
1587652500,2020-04-23 14:35:00+00:00,0.01438,0.01438,0.01438,0.01438,0.0,0.0,0
1587652800,2020-04-23 14:40:00+00:00,0.01438,0.01438,0.01438,0.01438,0.0,0.0,0
1587657000,2020-04-23 15:50:00+00:00,0.014294999999999999,0.014294999999999999,0.014294999999999999,0.014294999999999999,0.0,0.0,0
1587664200,2020-04-23 17:50:00+00:00,0.014244999999999999,0.014244999999999999,0.014244999999999999,0.014244999999999999,0.0,0.0,0
1587664800,2020-04-23 18:00:00+00:00,0.014244999999999999,0.014244999999999999,0.014244999999999999,0.014244999999999999,0.0,0.0,0
1587665100,2020-04-23 18:05:00+00:00,0.014244999999999999,0.014244999999999999,0.014244999999999999,0.014244999999999999,0.0,0.0,0
1587666000,2020-04-23 18:20:00+00:00,0.014244999999999999,0.014244999999999999,0.014244999999999999,0.014244999999999999,0.0,0.0,0
1587666300,2020-04-23 18:25:00+00:00,0.014244999999999999,0.014244999999999999,0.014244999999999999,0.014244999999999999,0.0,0.0,0
1587667200,2020-04-23 18:40:00+00:00,0.014244999999999999,0.014244999999999999,0.014244999999999999,0.014244999999999999,0.0,0.0,0
1587668700,2020-04-23 19:05:00+00:00,0.014244999999999999,0.014244999999999999,0.014244999999999999,0.014244999999999999,0.0,0.0,0
1587670200,2020-04-23 19:30:00+00:00,0.014334,0.014334,0.014334,0.014334,0.0,0.0,0
1587675300,2020-04-23 20:55:00+00:00,0.014302,0.014302,0.014302,0.014302,0.0,0.0,0
1587675600,2020-04-23 21:00:00+00:00,0.014302,0.014302,0.014302,0.014302,0.0,0.0,0
1587683700,2020-04-23 23:15:00+00:00,0.014327000000000001,0.014327000000000001,0.014327000000000001,0.014327000000000001,0.0,0.0,0
1587686100,2020-04-23 23:55:00+00:00,0.014428999999999999,0.014428999999999999,0.014428999999999999,0.014428999999999999,0.0,0.0,0
1587686400,2020-04-24 00:00:00+00:00,0.014428999999999999,0.014428999999999999,0.014428999999999999,0.014428999999999999,0.0,0.0,0
1587687600,2020-04-24 00:20:00+00:00,0.014428999999999999,0.014428999999999999,0.014428999999999999,0.014428999999999999,0.0,0.0,0
1587687900,2020-04-24 00:25:00+00:00,0.014428999999999999,0.014428999999999999,0.014428999999999999,0.014428999999999999,0.0,0.0,0
1587688200,2020-04-24 00:30:00+00:00,0.014428999999999999,0.014428999999999999,0.014428999999999999,0.014428999999999999,0.0,0.0,0
1587689100,2020-04-24 00:45:00+00:00,0.014416,0.014416,0.014416,0.014416,0.0,0.0,0
1587689400,2020-04-24 00:50:00+00:00,0.014416,0.014416,0.014416,0.014416,0.0,0.0,0
1587689700,2020-04-24 00:55:00+00:00,0.014416,0.014416,0.014416,0.014416,0.0,0.0,0
1587690000,2020-04-24 01:00:00+00:00,0.014416,0.014416,0.014416,0.014416,0.0,0.0,0
1587690600,2020-04-24 01:10:00+00:00,0.014416,0.014416,0.014416,0.014416,0.0,0.0,0
1587694200,2020-04-24 02:10:00+00:00,0.014416,0.014416,0.014416,0.014416,0.0,0.0,0
1587695700,2020-04-24 02:35:00+00:00,0.014416,0.014416,0.014416,0.014416,0.0,0.0,0
1587696900,2020-04-24 02:55:00+00:00,0.014416,0.014416,0.014416,0.014416,0.0,0.0,0
1587697200,2020-04-24 03:00:00+00:00,0.014416,0.014416,0.014416,0.014416,0.0,0.0,0
1587703500,2020-04-24 04:45:00+00:00,0.014416,0.014416,0.014416,0.014416,0.0,0.0,0
1587703800,2020-04-24 04:50:00+00:00,0.014416,0.014416,0.014416,0.014416,0.0,0.0,0
1587705600,2020-04-24 05:20:00+00:00,0.014416,0.014416,0.014416,0.014416,0.0,0.0,0
1587707700,2020-04-24 05:55:00+00:00,0.014416,0.014416,0.014416,0.014416,0.0,0.0,0
1587710700,2020-04-24 06:45:00+00:00,0.014416,0.014416,0.014416,0.014416,0.0,0.0,0
1587711000,2020-04-24 06:50:00+00:00,0.014416,0.014416,0.014416,0.014416,0.0,0.0,0
1587712200,2020-04-24 07:10:00+00:00,0.014371,0.014371,0.014371,0.014371,0.0,0.0,0
1587713100,2020-04-24 07:25:00+00:00,0.014371,0.014371,0.014371,0.014371,0.0,0.0,0
1587713400,2020-04-24 07:30:00+00:00,0.014371,0.014371,0.014371,0.014371,0.0,0.0,0
1587713700,2020-04-24 07:35:00+00:00,0.014371,0.014371,0.014371,0.014371,0.0,0.0,0
1587714600,2020-04-24 07:50:00+00:00,0.014371,0.014371,0.014371,0.014371,0.0,0.0,0
1587714900,2020-04-24 07:55:00+00:00,0.014371,0.014371,0.014371,0.014371,0.0,0.0,0
1587715200,2020-04-24 08:00:00+00:00,0.014371,0.014371,0.014371,0.014371,0.0,0.0,0
1587716100,2020-04-24 08:15:00+00:00,0.014371,0.014371,0.014371,0.014371,0.0,0.0,0
1587716400,2020-04-24 08:20:00+00:00,0.014371,0.014371,0.014371,0.014371,0.0,0.0,0
1587716700,2020-04-24 08:25:00+00:00,0.014371,0.014371,0.014371,0.014371,0.0,0.0,0
1587717000,2020-04-24 08:30:00+00:00,0.014371,0.014371,0.014371,0.014371,0.0,0.0,0
1587720300,2020-04-24 09:25:00+00:00,0.014371,0.014371,0.014371,0.014371,0.0,0.0,0
1587721200,2020-04-24 09:40:00+00:00,0.014371,0.014371,0.014371,0.014371,0.0,0.0,0
1587723000,2020-04-24 10:10:00+00:00,0.014466,0.014466,0.014466,0.014466,0.0,0.0,0
1587723300,2020-04-24 10:15:00+00:00,0.014466,0.014466,0.014466,0.014466,0.0,0.0,0
1587729900,2020-04-24 12:05:00+00:00,0.014469,0.014469,0.014469,0.014469,0.0,0.0,0
1587732600,2020-04-24 12:50:00+00:00,0.014469,0.014469,0.014469,0.014469,0.0,0.0,0
1587734400,2020-04-24 13:20:00+00:00,0.014469,0.014469,0.014469,0.014469,0.0,0.0,0
1587734700,2020-04-24 13:25:00+00:00,0.014469,0.014469,0.014469,0.014469,0.0,0.0,0
1587735900,2020-04-24 13:45:00+00:00,0.014469,0.014469,0.014469,0.014469,0.0,0.0,0
1587736200,2020-04-24 13:50:00+00:00,0.014469,0.014469,0.014469,0.014469,0.0,0.0,0
1587737100,2020-04-24 14:05:00+00:00,0.014469,0.014469,0.014469,0.014469,0.0,0.0,0
1587737400,2020-04-24 14:10:00+00:00,0.014469,0.014469,0.014469,0.014469,0.0,0.0,0
1587741300,2020-04-24 15:15:00+00:00,0.014399,0.014399,0.014399,0.014399,0.0,0.0,0
1587743400,2020-04-24 15:50:00+00:00,0.014399,0.014399,0.014399,0.014399,0.0,0.0,0
1587743700,2020-04-24 15:55:00+00:00,0.014399,0.014399,0.014399,0.014399,0.0,0.0,0
1587744900,2020-04-24 16:15:00+00:00,0.014399,0.014399,0.014399,0.014399,0.0,0.0,0
1587747000,2020-04-24 16:50:00+00:00,0.014399,0.014399,0.014399,0.014399,0.0,0.0,0
1587748800,2020-04-24 17:20:00+00:00,0.014399,0.014399,0.014399,0.014399,0.0,0.0,0
1587749100,2020-04-24 17:25:00+00:00,0.014399,0.014399,0.014399,0.014399,0.0,0.0,0
1587749400,2020-04-24 17:30:00+00:00,0.014399,0.014399,0.014399,0.014399,0.0,0.0,0
1587751200,2020-04-24 18:00:00+00:00,0.014399,0.014399,0.014399,0.014399,0.0,0.0,0
1587752100,2020-04-24 18:15:00+00:00,0.014399,0.014399,0.014399,0.014399,0.0,0.0,0
1587754200,2020-04-24 18:50:00+00:00,0.014399,0.014399,0.014399,0.014399,0.0,0.0,0
1587754500,2020-04-24 18:55:00+00:00,0.014399,0.014399,0.014399,0.014399,0.0,0.0,0
1587755400,2020-04-24 19:10:00+00:00,0.014372999999999999,0.014372999999999999,0.014372999999999999,0.014372999999999999,0.0,0.0,0
1587756300,2020-04-24 19:25:00+00:00,0.014372999999999999,0.014372999999999999,0.014372999999999999,0.014372999999999999,0.0,0.0,0
1587758700,2020-04-24 20:05:00+00:00,0.014372999999999999,0.014372999999999999,0.014372999999999999,0.014372999999999999,0.0,0.0,0
1587759000,2020-04-24 20:10:00+00:00,0.014372999999999999,0.014372999999999999,0.014372999999999999,0.014372999999999999,0.0,0.0,0
1587759300,2020-04-24 20:15:00+00:00,0.014372999999999999,0.014372999999999999,0.014372999999999999,0.014372999999999999,0.0,0.0,0
1587762300,2020-04-24 21:05:00+00:00,0.014372999999999999,0.014372999999999999,0.014372999999999999,0.014372999999999999,0.0,0.0,0
1587763200,2020-04-24 21:20:00+00:00,0.014372999999999999,0.014372999999999999,0.014372999999999999,0.014372999999999999,0.0,0.0,0
1587764700,2020-04-24 21:45:00+00:00,0.014372999999999999,0.014372999999999999,0.014372999999999999,0.014372999999999999,0.0,0.0,0
1587765600,2020-04-24 22:00:00+00:00,0.014372999999999999,0.014372999999999999,0.014372999999999999,0.014372999999999999,0.0,0.0,0
1587765900,2020-04-24 22:05:00+00:00,0.014372999999999999,0.014372999999999999,0.014372999999999999,0.014372999999999999,0.0,0.0,0
1587767700,2020-04-24 22:35:00+00:00,0.014372999999999999,0.014372999999999999,0.014372999999999999,0.014372999999999999,0.0,0.0,0
1587771900,2020-04-24 23:45:00+00:00,0.014372999999999999,0.014372999999999999,0.014372999999999999,0.014372999999999999,0.0,0.0,0
1587773700,2020-04-25 00:15:00+00:00,0.014438999999999999,0.014438999999999999,0.014438999999999999,0.014438999999999999,0.0,0.0,0
1587775200,2020-04-25 00:40:00+00:00,0.014438999999999999,0.014438999999999999,0.014438999999999999,0.014438999999999999,0.0,0.0,0
1587777000,2020-04-25 01:10:00+00:00,0.014438999999999999,0.014438999999999999,0.014438999999999999,0.014438999999999999,0.0,0.0,0
1587779400,2020-04-25 01:50:00+00:00,0.014438999999999999,0.014438999999999999,0.014438999999999999,0.014438999999999999,0.0,0.0,0
1587784200,2020-04-25 03:10:00+00:00,0.014438999999999999,0.014438999999999999,0.014438999999999999,0.014438999999999999,0.0,0.0,0
1587784500,2020-04-25 03:15:00+00:00,0.014438999999999999,0.014438999999999999,0.014438999999999999,0.014438999999999999,0.0,0.0,0
1587785400,2020-04-25 03:30:00+00:00,0.014438999999999999,0.014438999999999999,0.014438999999999999,0.014438999999999999,0.0,0.0,0
1587786300,2020-04-25 03:45:00+00:00,0.014438999999999999,0.014438999999999999,0.014438999999999999,0.014438999999999999,0.0,0.0,0
1587786600,2020-04-25 03:50:00+00:00,0.014438999999999999,0.014438999999999999,0.014438999999999999,0.014438999999999999,0.0,0.0,0
1587786900,2020-04-25 03:55:00+00:00,0.014438999999999999,0.014438999999999999,0.014438999999999999,0.014438999999999999,0.0,0.0,0
1587788100,2020-04-25 04:15:00+00:00,0.014438999999999999,0.014438999999999999,0.014438999999999999,0.014438999999999999,0.0,0.0,0
1587789000,2020-04-25 04:30:00+00:00,0.014438999999999999,0.014438999999999999,0.014438999999999999,0.014438999999999999,0.0,0.0,0
1587789900,2020-04-25 04:45:00+00:00,0.014438999999999999,0.014438999999999999,0.014438999999999999,0.014438999999999999,0.0,0.0,0
1587790200,2020-04-25 04:50:00+00:00,0.014438999999999999,0.014438999999999999,0.014438999999999999,0.014438999999999999,0.0,0.0,0
1587790500,2020-04-25 04:55:00+00:00,0.014438999999999999,0.014438999999999999,0.014438999999999999,0.014438999999999999,0.0,0.0,0
1587795600,2020-04-25 06:20:00+00:00,0.0141,0.0141,0.0141,0.0141,0.0,0.0,0
1587795900,2020-04-25 06:25:00+00:00,0.0141,0.0141,0.0141,0.0141,0.0,0.0,0
1587800100,2020-04-25 07:35:00+00:00,0.014058000000000001,0.014058000000000001,0.014058000000000001,0.014058000000000001,0.0,0.0,0
1587804900,2020-04-25 08:55:00+00:00,0.014058000000000001,0.014058000000000001,0.014058000000000001,0.014058000000000001,0.0,0.0,0
1587805200,2020-04-25 09:00:00+00:00,0.014058000000000001,0.014058000000000001,0.014058000000000001,0.014058000000000001,0.0,0.0,0
1587807600,2020-04-25 09:40:00+00:00,0.014058000000000001,0.014058000000000001,0.014058000000000001,0.014058000000000001,0.0,0.0,0
1587807900,2020-04-25 09:45:00+00:00,0.014058000000000001,0.014058000000000001,0.014058000000000001,0.014058000000000001,0.0,0.0,0
1587808800,2020-04-25 10:00:00+00:00,0.014058000000000001,0.014058000000000001,0.014058000000000001,0.014058000000000001,0.0,0.0,0
1587811200,2020-04-25 10:40:00+00:00,0.013996000000000001,0.013996000000000001,0.013996000000000001,0.013996000000000001,0.0,0.0,0
1587812100,2020-04-25 10:55:00+00:00,0.013996000000000001,0.013996000000000001,0.013996000000000001,0.013996000000000001,0.0,0.0,0
1587813000,2020-04-25 11:10:00+00:00,0.014002,0.014002,0.014002,0.014002,0.0,0.0,0
1587600300,2020-04-23 00:05:00+00:00,0.014468,0.014468,0.014468,0.014468,0.0,0.0,0
1587600600,2020-04-23 00:10:00+00:00,0.014468,0.014468,0.014468,0.014468,0.0,0.0,0
1587600900,2020-04-23 00:15:00+00:00,0.014468,0.014468,0.014468,0.014468,0.0,0.0,0
1587601200,2020-04-23 00:20:00+00:00,0.014468,0.014468,0.014468,0.014468,0.0,0.0,0
1587601800,2020-04-23 00:30:00+00:00,0.014468,0.014468,0.014468,0.014468,0.0,0.0,0
1587603300,2020-04-23 00:55:00+00:00,0.014468,0.014468,0.014468,0.014468,0.0,0.0,0
1587603600,2020-04-23 01:00:00+00:00,0.014468,0.014468,0.014468,0.014468,0.0,0.0,0
1587610200,2020-04-23 02:50:00+00:00,0.0142,0.0142,0.0142,0.0142,0.0,0.0,0
1587612900,2020-04-23 03:35:00+00:00,0.0142,0.0142,0.0142,0.0142,0.0,0.0,0
1587616200,2020-04-23 04:30:00+00:00,0.0142,0.0142,0.0142,0.0142,0.0,0.0,0
1587617100,2020-04-23 04:45:00+00:00,0.0142,0.0142,0.0142,0.0142,0.0,0.0,0
1587617400,2020-04-23 04:50:00+00:00,0.0142,0.0142,0.0142,0.0142,0.0,0.0,0
1587617700,2020-04-23 04:55:00+00:00,0.0142,0.0142,0.0142,0.0142,0.0,0.0,0
1587618000,2020-04-23 05:00:00+00:00,0.0142,0.0142,0.0142,0.0142,0.0,0.0,0
1587624000,2020-04-23 06:40:00+00:00,0.0142,0.0142,0.0142,0.0142,0.0,0.0,0
1587625800,2020-04-23 07:10:00+00:00,0.0142,0.0142,0.0142,0.0142,0.0,0.0,0
1587634200,2020-04-23 09:30:00+00:00,0.0142,0.0142,0.0142,0.0142,0.0,0.0,0
1587639600,2020-04-23 11:00:00+00:00,0.0142,0.0142,0.0142,0.0142,0.0,0.0,0
1587639900,2020-04-23 11:05:00+00:00,0.0142,0.0142,0.0142,0.0142,0.0,0.0,0
1587643500,2020-04-23 12:05:00+00:00,0.0142,0.0142,0.0142,0.0142,0.0,0.0,0
1587647100,2020-04-23 13:05:00+00:00,0.0142,0.0142,0.0142,0.0142,0.0,0.0,0
1587650700,2020-04-23 14:05:00+00:00,0.014251,0.014251,0.014251,0.014251,0.0,0.0,0
1587661200,2020-04-23 17:00:00+00:00,0.014306,0.014306,0.014306,0.014306,0.0,0.0,0
1587662400,2020-04-23 17:20:00+00:00,0.014303,0.014303,0.014303,0.014303,0.0,0.0,0
1587664500,2020-04-23 17:55:00+00:00,0.014245,0.014245,0.014245,0.014245,0.0,0.0,0
1587669900,2020-04-23 19:25:00+00:00,0.014334,0.014334,0.014334,0.014334,0.0,0.0,0
1587675900,2020-04-23 21:05:00+00:00,0.014302,0.014302,0.014302,0.014302,0.0,0.0,0
1587678300,2020-04-23 21:45:00+00:00,0.014392,0.014392,0.014392,0.014392,0.0,0.0,0
1587678600,2020-04-23 21:50:00+00:00,0.014392,0.014392,0.014392,0.014392,0.0,0.0,0
1587678900,2020-04-23 21:55:00+00:00,0.014392,0.014392,0.014392,0.014392,0.0,0.0,0
1587695400,2020-04-24 02:30:00+00:00,0.014416,0.014416,0.014416,0.014416,0.0,0.0,0
1587697500,2020-04-24 03:05:00+00:00,0.014416,0.014416,0.014416,0.014416,0.0,0.0,0
1587697800,2020-04-24 03:10:00+00:00,0.014416,0.014416,0.014416,0.014416,0.0,0.0,0
1587703200,2020-04-24 04:40:00+00:00,0.014416,0.014416,0.014416,0.014416,0.0,0.0,0
1587704100,2020-04-24 04:55:00+00:00,0.014416,0.014416,0.014416,0.014416,0.0,0.0,0
1587704400,2020-04-24 05:00:00+00:00,0.014416,0.014416,0.014416,0.014416,0.0,0.0,0
1587705300,2020-04-24 05:15:00+00:00,0.014416,0.014416,0.014416,0.014416,0.0,0.0,0
1587708000,2020-04-24 06:00:00+00:00,0.014416,0.014416,0.014416,0.014416,0.0,0.0,0
1587720000,2020-04-24 09:20:00+00:00,0.014371,0.014371,0.014371,0.014371,0.0,0.0,0
1587739800,2020-04-24 14:50:00+00:00,0.014399,0.014399,0.014399,0.014399,0.0,0.0,0
1587740700,2020-04-24 15:05:00+00:00,0.014399,0.014399,0.014399,0.014399,0.0,0.0,0
1587741000,2020-04-24 15:10:00+00:00,0.014399,0.014399,0.014399,0.014399,0.0,0.0,0
1587753900,2020-04-24 18:45:00+00:00,0.014399,0.014399,0.014399,0.014399,0.0,0.0,0
1587756600,2020-04-24 19:30:00+00:00,0.014373,0.014373,0.014373,0.014373,0.0,0.0,0
1587762600,2020-04-24 21:10:00+00:00,0.014373,0.014373,0.014373,0.014373,0.0,0.0,0
1587766800,2020-04-24 22:20:00+00:00,0.014373,0.014373,0.014373,0.014373,0.0,0.0,0
1587767100,2020-04-24 22:25:00+00:00,0.014373,0.014373,0.014373,0.014373,0.0,0.0,0
1587767400,2020-04-24 22:30:00+00:00,0.014373,0.014373,0.014373,0.014373,0.0,0.0,0
1587776700,2020-04-25 01:05:00+00:00,0.014439,0.014439,0.014439,0.014439,0.0,0.0,0
1587781500,2020-04-25 02:25:00+00:00,0.014439,0.014439,0.014439,0.014439,0.0,0.0,0
1587781800,2020-04-25 02:30:00+00:00,0.014439,0.014439,0.014439,0.014439,0.0,0.0,0
1587792600,2020-04-25 05:30:00+00:00,0.014141999999999997,0.014141999999999997,0.014141999999999997,0.014141999999999997,0.0,0.0,0
1587803700,2020-04-25 08:35:00+00:00,0.014058,0.014058,0.014058,0.014058,0.0,0.0,0
1587807000,2020-04-25 09:30:00+00:00,0.014058,0.014058,0.014058,0.014058,0.0,0.0,0
1587807300,2020-04-25 09:35:00+00:00,0.014058,0.014058,0.014058,0.014058,0.0,0.0,0
1587813300,2020-04-25 11:15:00+00:00,0.014002,0.014002,0.014002,0.014002,0.0,0.0,0
1587813600,2020-04-25 11:20:00+00:00,0.014002,0.014002,0.014002,0.014002,0.0,0.0,0
1587601500,2020-04-23 00:25:00+00:00,0.014468,0.014468,0.014468,0.014468,0.0,0.0,0
1587603000,2020-04-23 00:50:00+00:00,0.014468,0.014468,0.014468,0.014468,0.0,0.0,0
1587607200,2020-04-23 02:00:00+00:00,0.0142,0.0142,0.0142,0.0142,0.0,0.0,0
1587607500,2020-04-23 02:05:00+00:00,0.0142,0.0142,0.0142,0.0142,0.0,0.0,0
1587608700,2020-04-23 02:25:00+00:00,0.0142,0.0142,0.0142,0.0142,0.0,0.0,0
1587615900,2020-04-23 04:25:00+00:00,0.0142,0.0142,0.0142,0.0142,0.0,0.0,0
1587622200,2020-04-23 06:10:00+00:00,0.0142,0.0142,0.0142,0.0142,0.0,0.0,0
1587626700,2020-04-23 07:25:00+00:00,0.0142,0.0142,0.0142,0.0142,0.0,0.0,0
1587628200,2020-04-23 07:50:00+00:00,0.0142,0.0142,0.0142,0.0142,0.0,0.0,0
1587628500,2020-04-23 07:55:00+00:00,0.0142,0.0142,0.0142,0.0142,0.0,0.0,0
1587631500,2020-04-23 08:45:00+00:00,0.0142,0.0142,0.0142,0.0142,0.0,0.0,0
1587631800,2020-04-23 08:50:00+00:00,0.0142,0.0142,0.0142,0.0142,0.0,0.0,0
1587633300,2020-04-23 09:15:00+00:00,0.0142,0.0142,0.0142,0.0142,0.0,0.0,0
1587644400,2020-04-23 12:20:00+00:00,0.0142,0.0142,0.0142,0.0142,0.0,0.0,0
1587657300,2020-04-23 15:55:00+00:00,0.014295,0.014295,0.014295,0.014295,0.0,0.0,0
1587659700,2020-04-23 16:35:00+00:00,0.014306,0.014306,0.014306,0.014306,0.0,0.0,0
1587725400,2020-04-24 10:50:00+00:00,0.014466,0.014466,0.014466,0.014466,0.0,0.0,0
1587742500,2020-04-24 15:35:00+00:00,0.014399,0.014399,0.014399,0.014399,0.0,0.0,0
1587742800,2020-04-24 15:40:00+00:00,0.014399,0.014399,0.014399,0.014399,0.0,0.0,0
1587751500,2020-04-24 18:05:00+00:00,0.014399,0.014399,0.014399,0.014399,0.0,0.0,0
1587751800,2020-04-24 18:10:00+00:00,0.014399,0.014399,0.014399,0.014399,0.0,0.0,0
1587762900,2020-04-24 21:15:00+00:00,0.014373,0.014373,0.014373,0.014373,0.0,0.0,0
1587779100,2020-04-25 01:45:00+00:00,0.014439,0.014439,0.014439,0.014439,0.0,0.0,0
1587627900,2020-04-23 07:45:00+00:00,0.0142,0.0142,0.0142,0.0142,0.0,0.0,0
1587629400,2020-04-23 08:10:00+00:00,0.0142,0.0142,0.0142,0.0142,0.0,0.0,0
1587743100,2020-04-24 15:45:00+00:00,0.014399,0.014399,0.014399,0.014399,0.0,0.0,0
1587744600,2020-04-24 16:10:00+00:00,0.014399,0.014399,0.014399,0.014399,0.0,0.0,0
1587817200,2020-04-25 12:20:00+00:00,0.014002,0.014002,0.014002,0.014002,0.0,0.0,0
1587817500,2020-04-25 12:25:00+00:00,0.014002,0.014002,0.014002,0.014002,0.0,0.0,0
1587625500,2020-04-23 07:05:00+00:00,0.0142,0.0142,0.0142,0.0142,0.0,0.0,0
1587629700,2020-04-23 08:15:00+00:00,0.0142,0.0142,0.0142,0.0142,0.0,0.0,0
1587648000,2020-04-23 13:20:00+00:00,0.014251,0.014251,0.014251,0.014251,0.0,0.0,0
1587690300,2020-04-24 01:05:00+00:00,0.014416,0.014416,0.014416,0.014416,0.0,0.0,0
1587698100,2020-04-24 03:15:00+00:00,0.014416,0.014416,0.014416,0.014416,0.0,0.0,0
1587711300,2020-04-24 06:55:00+00:00,0.014416,0.014416,0.014416,0.014416,0.0,0.0,0
1587804000,2020-04-25 08:40:00+00:00,0.014058,0.014058,0.014058,0.014058,0.0,0.0,0
1587813900,2020-04-25 11:25:00+00:00,0.014002,0.014002,0.014002,0.014002,0.0,0.0,0
1587814200,2020-04-25 11:30:00+00:00,0.014002,0.014002,0.014002,0.014002,0.0,0.0,0
1587814500,2020-04-25 11:35:00+00:00,0.014002,0.014002,0.014002,0.014002,0.0,0.0,0
1587814800,2020-04-25 11:40:00+00:00,0.014002,0.014002,0.014002,0.014002,0.0,0.0,0
1587815100,2020-04-25 11:45:00+00:00,0.014002,0.014002,0.014002,0.014002,0.0,0.0,0
1587815400,2020-04-25 11:50:00+00:00,0.014002,0.014002,0.014002,0.014002,0.0,0.0,0
1587815700,2020-04-25 11:55:00+00:00,0.014002,0.014002,0.014002,0.014002,0.0,0.0,0
1587816000,2020-04-25 12:00:00+00:00,0.014002,0.014002,0.014002,0.014002,0.0,0.0,0
1587816300,2020-04-25 12:05:00+00:00,0.014002,0.014002,0.014002,0.014002,0.0,0.0,0
1587816600,2020-04-25 12:10:00+00:00,0.014002,0.014002,0.014002,0.014002,0.0,0.0,0
1587816900,2020-04-25 12:15:00+00:00,0.014002,0.014002,0.014002,0.014002,0.0,0.0,0
1587819000,2020-04-25 12:50:00+00:00,0.014002,0.014002,0.014002,0.014002,0.0,0.0,0
1587819300,2020-04-25 12:55:00+00:00,0.014002,0.014002,0.014002,0.014002,0.0,0.0,0
1587819600,2020-04-25 13:00:00+00:00,0.014002,0.014002,0.014002,0.014002,0.0,0.0,0
1587819900,2020-04-25 13:05:00+00:00,0.014002,0.014002,0.014002,0.014002,0.0,0.0,0
1587821100,2020-04-25 13:25:00+00:00,0.014002,0.014002,0.014002,0.014002,0.0,0.0,0
1587821400,2020-04-25 13:30:00+00:00,0.014002,0.014002,0.014002,0.014002,0.0,0.0,0
1587643200,2020-04-23 12:00:00+00:00,0.0142,0.0142,0.0142,0.0142,0.0,0.0,0
1587817800,2020-04-25 12:30:00+00:00,0.014002,0.014002,0.014002,0.014002,0.0,0.0,0
1587820200,2020-04-25 13:10:00+00:00,0.014002,0.014002,0.014002,0.014002,0.0,0.0,0
1587820500,2020-04-25 13:15:00+00:00,0.014002,0.014002,0.014002,0.014002,0.0,0.0,0
1587820800,2020-04-25 13:20:00+00:00,0.014002,0.014002,0.014002,0.014002,0.0,0.0,0
1587821700,2020-04-25 13:35:00+00:00,0.014002,0.014002,0.014002,0.014002,0.0,0.0,0
1587822000,2020-04-25 13:40:00+00:00,0.014002,0.014002,0.014002,0.014002,0.0,0.0,0
1587822300,2020-04-25 13:45:00+00:00,0.014,0.014,0.014,0.014,0.014,4294.0,12
1587822600,2020-04-25 13:50:00+00:00,0.014,0.014,0.014,0.014,0.0,0.0,0
1587822900,2020-04-25 13:55:00+00:00,0.014,0.014,0.014,0.014,0.0,0.0,0
1587823200,2020-04-25 14:00:00+00:00,0.014,0.014,0.014,0.014,0.0,0.0,0
1587823500,2020-04-25 14:05:00+00:00,0.014,0.014,0.014,0.014,0.0,0.0,0
1587824100,2020-04-25 14:15:00+00:00,0.014,0.014,0.014,0.014,0.0,0.0,0
1587824400,2020-04-25 14:20:00+00:00,0.014,0.014,0.014,0.014,0.0,0.0,0
1587824700,2020-04-25 14:25:00+00:00,0.014,0.014,0.014,0.014,0.0,0.0,0
1587825000,2020-04-25 14:30:00+00:00,0.014,0.014,0.014,0.014,0.0,0.0,0
1587825300,2020-04-25 14:35:00+00:00,0.014,0.014,0.014,0.014,0.0,0.0,0
1587818400,2020-04-25 12:40:00+00:00,0.014002,0.014002,0.014002,0.014002,0.0,0.0,0
1587818700,2020-04-25 12:45:00+00:00,0.014002,0.014002,0.014002,0.014002,0.0,0.0,0
1587823800,2020-04-25 14:10:00+00:00,0.013999999999999999,0.013999999999999999,0.013999999999999999,0.013999999999999999,0.0,0.0,0
1587825900,2020-04-25 14:45:00+00:00,0.014,0.014,0.014,0.014,0.0,0.0,0
1587826200,2020-04-25 14:50:00+00:00,0.014,0.014,0.014,0.014,0.0,0.0,0
1587826500,2020-04-25 14:55:00+00:00,0.014,0.014,0.014,0.014,0.0,0.0,0
1587826800,2020-04-25 15:00:00+00:00,0.014,0.014,0.014,0.014,0.0,0.0,0
1587827100,2020-04-25 15:05:00+00:00,0.014,0.014,0.014,0.014,0.0,0.0,0
1587828600,2020-04-25 15:30:00+00:00,0.014,0.014,0.014,0.014,0.0,0.0,0
1587828900,2020-04-25 15:35:00+00:00,0.014,0.014,0.014,0.014,0.0,0.0,0
1587829200,2020-04-25 15:40:00+00:00,0.014,0.014,0.014,0.014,0.0,0.0,0
1587825600,2020-04-25 14:40:00+00:00,0.013999999999999999,0.013999999999999999,0.013999999999999999,0.013999999999999999,0.0,0.0,0
1587827700,2020-04-25 15:15:00+00:00,0.013999999999999999,0.013999999999999999,0.013999999999999999,0.013999999999999999,0.0,0.0,0
1587828000,2020-04-25 15:20:00+00:00,0.013999999999999999,0.013999999999999999,0.013999999999999999,0.013999999999999999,0.0,0.0,0
1587828300,2020-04-25 15:25:00+00:00,0.013999999999999999,0.013999999999999999,0.013999999999999999,0.013999999999999999,0.0,0.0,0
1587818100,2020-04-25 12:35:00+00:00,0.014002,0.014002,0.014002,0.014002,0.0,0.0,0
1587829500,2020-04-25 15:45:00+00:00,0.014,0.014,0.014,0.014,0.0,0.0,0
1587829800,2020-04-25 15:50:00+00:00,0.014100999999999999,0.014102000000000003,0.014066999999999998,0.014066999999999998,0.014091,315.3499936,3
1587830100,2020-04-25 15:55:00+00:00,0.014015999999999999,0.014015999999999999,0.013875,0.013973,0.013912,931.44363675,9
1587830400,2020-04-25 16:00:00+00:00,0.013911000000000001,0.013911000000000001,0.013911000000000001,0.013911000000000001,0.013911000000000001,63.70171256,9
1587830700,2020-04-25 16:05:00+00:00,0.013909,0.013909999999999999,0.013887,0.013909999999999999,0.013906,80.72160181,15
1587831000,2020-04-25 16:10:00+00:00,0.013909999999999999,0.013909999999999999,0.013909999999999999,0.013909999999999999,0.0,0.0,0
1587831300,2020-04-25 16:15:00+00:00,0.013909999999999999,0.013909999999999999,0.013909999999999999,0.013909999999999999,0.013909999999999999,91.279983,3
1587831600,2020-04-25 16:20:00+00:00,0.013909999999999999,0.013909999999999999,0.013909999999999999,0.013909999999999999,0.0,0.0,0
1587831900,2020-04-25 16:25:00+00:00,0.013909999999999999,0.013909999999999999,0.013909999999999999,0.013909999999999999,0.0,0.0,0
1587832200,2020-04-25 16:30:00+00:00,0.013909999999999999,0.013909999999999999,0.013909999999999999,0.013909999999999999,0.0,0.0,0
1587832800,2020-04-25 16:40:00+00:00,0.013909999999999999,0.013909999999999999,0.013909999999999999,0.013909999999999999,0.0,0.0,0
1587833100,2020-04-25 16:45:00+00:00,0.013909999999999999,0.013909999999999999,0.013909999999999999,0.013909999999999999,0.0,0.0,0
1587827400,2020-04-25 15:10:00+00:00,0.014,0.014,0.014,0.014,0.0,0.0,0
1587833400,2020-04-25 16:50:00+00:00,0.013909999999999999,0.013909999999999999,0.013909999999999999,0.013909999999999999,0.0,0.0,0
1587834000,2020-04-25 17:00:00+00:00,0.013909999999999999,0.013909999999999999,0.013909999999999999,0.013909999999999999,0.0,0.0,0
1587834300,2020-04-25 17:05:00+00:00,0.013909999999999999,0.013909999999999999,0.013909999999999999,0.013909999999999999,0.0,0.0,0
1587834600,2020-04-25 17:10:00+00:00,0.013909999999999999,0.013909999999999999,0.013909999999999999,0.013909999999999999,0.0,0.0,0
1587834900,2020-04-25 17:15:00+00:00,0.013909999999999999,0.013909999999999999,0.013909999999999999,0.013909999999999999,0.0,0.0,0
1587835200,2020-04-25 17:20:00+00:00,0.013909999999999999,0.013909999999999999,0.013909999999999999,0.013909999999999999,0.0,0.0,0
1587835500,2020-04-25 17:25:00+00:00,0.013909999999999999,0.013909999999999999,0.013909999999999999,0.013909999999999999,0.0,0.0,0
1587836400,2020-04-25 17:40:00+00:00,0.013909999999999999,0.013909999999999999,0.013909999999999999,0.013909999999999999,0.0,0.0,0
1587836700,2020-04-25 17:45:00+00:00,0.013909999999999999,0.013909999999999999,0.013909999999999999,0.013909999999999999,0.0,0.0,0
1587837000,2020-04-25 17:50:00+00:00,0.013909999999999999,0.013909999999999999,0.013909999999999999,0.013909999999999999,0.0,0.0,0
1587832500,2020-04-25 16:35:00+00:00,0.01391,0.01391,0.01391,0.01391,0.0,0.0,0
1587833700,2020-04-25 16:55:00+00:00,0.01391,0.01391,0.01391,0.01391,0.0,0.0,0
1587835800,2020-04-25 17:30:00+00:00,0.01391,0.01391,0.01391,0.01391,0.0,0.0,0
1587836100,2020-04-25 17:35:00+00:00,0.01391,0.01391,0.01391,0.01391,0.0,0.0,0
1587837300,2020-04-25 17:55:00+00:00,0.013909999999999999,0.013909999999999999,0.013909999999999999,0.013909999999999999,0.0,0.0,0
1587837600,2020-04-25 18:00:00+00:00,0.013909999999999999,0.013909999999999999,0.013909999999999999,0.013909999999999999,0.0,0.0,0
1587837900,2020-04-25 18:05:00+00:00,0.013909999999999999,0.013909999999999999,0.013909999999999999,0.013909999999999999,0.0,0.0,0
1587838200,2020-04-25 18:10:00+00:00,0.013909999999999999,0.013909999999999999,0.013909999999999999,0.013909999999999999,0.0,0.0,0
1587838500,2020-04-25 18:15:00+00:00,0.013909999999999999,0.013909999999999999,0.013909999999999999,0.013909999999999999,0.0,0.0,0
1587838800,2020-04-25 18:20:00+00:00,0.013909999999999999,0.013909999999999999,0.013909999999999999,0.013909999999999999,0.0,0.0,0
1587839100,2020-04-25 18:25:00+00:00,0.013909999999999999,0.013909999999999999,0.013909999999999999,0.013909999999999999,0.0,0.0,0
1587839400,2020-04-25 18:30:00+00:00,0.013909999999999999,0.013909999999999999,0.013909999999999999,0.013909999999999999,0.0,0.0,0
1587839700,2020-04-25 18:35:00+00:00,0.013909999999999999,0.013909999999999999,0.013909999999999999,0.013909999999999999,0.0,0.0,0
1587840000,2020-04-25 18:40:00+00:00,0.013909999999999999,0.013909999999999999,0.013909999999999999,0.013909999999999999,0.0,0.0,0
1587840300,2020-04-25 18:45:00+00:00,0.013909999999999999,0.013909999999999999,0.013909999999999999,0.013909999999999999,0.0,0.0,0
1587840600,2020-04-25 18:50:00+00:00,0.013909999999999999,0.013909999999999999,0.013909999999999999,0.013909999999999999,0.0,0.0,0
1587840900,2020-04-25 18:55:00+00:00,0.013909999999999999,0.013909999999999999,0.013909999999999999,0.013909999999999999,0.0,0.0,0
1587842100,2020-04-25 19:15:00+00:00,0.013909999999999999,0.013909999999999999,0.013909999999999999,0.013909999999999999,0.0,0.0,0
1587842400,2020-04-25 19:20:00+00:00,0.013909999999999999,0.013909999999999999,0.013909999999999999,0.013909999999999999,0.0,0.0,0
1587843000,2020-04-25 19:30:00+00:00,0.013909999999999999,0.013909999999999999,0.013909999999999999,0.013909999999999999,0.0,0.0,0
1587843300,2020-04-25 19:35:00+00:00,0.013909999999999999,0.013909999999999999,0.013909999999999999,0.013909999999999999,0.0,0.0,0
1587843600,2020-04-25 19:40:00+00:00,0.013909999999999999,0.013909999999999999,0.013909999999999999,0.013909999999999999,0.0,0.0,0
1587843900,2020-04-25 19:45:00+00:00,0.013909999999999999,0.013909999999999999,0.013909999999999999,0.013909999999999999,0.0,0.0,0
1587844200,2020-04-25 19:50:00+00:00,0.013909999999999999,0.013909999999999999,0.013909999999999999,0.013909999999999999,0.0,0.0,0
1587844500,2020-04-25 19:55:00+00:00,0.013909999999999999,0.013909999999999999,0.013909999999999999,0.013909999999999999,0.0,0.0,0
1587844800,2020-04-25 20:00:00+00:00,0.013909999999999999,0.013909999999999999,0.013909999999999999,0.013909999999999999,0.0,0.0,0
1587841200,2020-04-25 19:00:00+00:00,0.01391,0.01391,0.01391,0.01391,0.0,0.0,0
1587841800,2020-04-25 19:10:00+00:00,0.013909999999999999,0.013909999999999999,0.013909999999999999,0.013909999999999999,0.0,0.0,0
1587842700,2020-04-25 19:25:00+00:00,0.013909999999999999,0.013909999999999999,0.013909999999999999,0.013909999999999999,0.0,0.0,0
1587845400,2020-04-25 20:10:00+00:00,0.013909999999999999,0.013909999999999999,0.013909999999999999,0.013909999999999999,0.0,0.0,0
1587845700,2020-04-25 20:15:00+00:00,0.013909999999999999,0.013909999999999999,0.013909999999999999,0.013909999999999999,0.0,0.0,0
1587846900,2020-04-25 20:35:00+00:00,0.013909999999999999,0.013909999999999999,0.013909999999999999,0.013909999999999999,0.0,0.0,0
1587847200,2020-04-25 20:40:00+00:00,0.013909999999999999,0.013909999999999999,0.013909999999999999,0.013909999999999999,0.0,0.0,0
1587847500,2020-04-25 20:45:00+00:00,0.013909999999999999,0.013909999999999999,0.013909999999999999,0.013909999999999999,0.0,0.0,0
1587847800,2020-04-25 20:50:00+00:00,0.013909999999999999,0.013909999999999999,0.013909999999999999,0.013909999999999999,0.0,0.0,0
1587848100,2020-04-25 20:55:00+00:00,0.013909999999999999,0.013909999999999999,0.013909999999999999,0.013909999999999999,0.0,0.0,0
1587848400,2020-04-25 21:00:00+00:00,0.013909999999999999,0.013909999999999999,0.013909999999999999,0.013909999999999999,0.0,0.0,0
1587848700,2020-04-25 21:05:00+00:00,0.013909999999999999,0.013909999999999999,0.013909999999999999,0.013909999999999999,0.0,0.0,0
1587845100,2020-04-25 20:05:00+00:00,0.01391,0.01391,0.01391,0.01391,0.0,0.0,0
1587849000,2020-04-25 21:10:00+00:00,0.01391,0.01391,0.01391,0.01391,0.0,0.0,0
1587841500,2020-04-25 19:05:00+00:00,0.013909999999999999,0.013909999999999999,0.013909999999999999,0.013909999999999999,0.0,0.0,0
1587846000,2020-04-25 20:20:00+00:00,0.013909999999999999,0.013909999999999999,0.013909999999999999,0.013909999999999999,0.0,0.0,0
1587846300,2020-04-25 20:25:00+00:00,0.013909999999999999,0.013909999999999999,0.013909999999999999,0.013909999999999999,0.0,0.0,0
1587849300,2020-04-25 21:15:00+00:00,0.013909999999999999,0.013909999999999999,0.013909999999999999,0.013909999999999999,0.0,0.0,0
1587849600,2020-04-25 21:20:00+00:00,0.013909999999999999,0.013909999999999999,0.013909999999999999,0.013909999999999999,0.0,0.0,0
1587850500,2020-04-25 21:35:00+00:00,0.013909999999999999,0.013909999999999999,0.013909999999999999,0.013909999999999999,0.0,0.0,0
1587850800,2020-04-25 21:40:00+00:00,0.013934,0.013934,0.013923,0.013923,0.013925,496.75842817,6
1587851700,2020-04-25 21:55:00+00:00,0.013923,0.013923,0.013923,0.013923,0.0,0.0,0
1587852000,2020-04-25 22:00:00+00:00,0.013923,0.013923,0.013923,0.013923,0.0,0.0,0
1587852300,2020-04-25 22:05:00+00:00,0.013923,0.013923,0.013923,0.013923,0.0,0.0,0
1587852600,2020-04-25 22:10:00+00:00,0.013923,0.013923,0.013923,0.013923,0.0,0.0,0
1587846600,2020-04-25 20:30:00+00:00,0.01391,0.01391,0.01391,0.01391,0.0,0.0,0
1587851100,2020-04-25 21:45:00+00:00,0.013923,0.013923,0.013923,0.013923,0.0,0.0,0
1587851400,2020-04-25 21:50:00+00:00,0.013923,0.013923,0.013923,0.013923,0.0,0.0,0
1587852900,2020-04-25 22:15:00+00:00,0.013923,0.013923,0.013923,0.013923,0.0,0.0,0
1587849900,2020-04-25 21:25:00+00:00,0.013909999999999999,0.013909999999999999,0.013909999999999999,0.013909999999999999,0.0,0.0,0
1587850200,2020-04-25 21:30:00+00:00,0.013909999999999999,0.013909999999999999,0.013909999999999999,0.013909999999999999,0.0,0.0,0
1587853200,2020-04-25 22:20:00+00:00,0.013923,0.013963999999999999,0.013923,0.013962,0.013963,123.58373285,2
1587853500,2020-04-25 22:25:00+00:00,0.013966999999999999,0.013966999999999999,0.013966999999999999,0.013966999999999999,0.013966999999999999,43.82045528,2
1587853800,2020-04-25 22:30:00+00:00,0.013966999999999999,0.013966999999999999,0.013966999999999999,0.013966999999999999,0.0,0.0,0
1587854100,2020-04-25 22:35:00+00:00,0.013966999999999999,0.013966999999999999,0.013966999999999999,0.013966999999999999,0.0,0.0,0
1587854700,2020-04-25 22:45:00+00:00,0.013966999999999999,0.013966999999999999,0.013966999999999999,0.013966999999999999,0.0,0.0,0
1587855000,2020-04-25 22:50:00+00:00,0.013966999999999999,0.013966999999999999,0.013966999999999999,0.013966999999999999,0.0,0.0,0
1587855300,2020-04-25 22:55:00+00:00,0.013985,0.013985,0.013966,0.013985,0.013983,88.94399995,10
1587855600,2020-04-25 23:00:00+00:00,0.013985,0.013985,0.013985,0.013985,0.013985,14.824000000000002,2
1587855900,2020-04-25 23:05:00+00:00,0.014001,0.014001,0.013999000000000001,0.013999000000000001,0.013999000000000001,20.339,3
1587856200,2020-04-25 23:10:00+00:00,0.013996000000000001,0.013996000000000001,0.013985,0.013985,0.013988999999999998,90.6325,11
1587856500,2020-04-25 23:15:00+00:00,0.013977000000000002,0.013977000000000002,0.013977000000000002,0.013977000000000002,0.013977000000000002,9.2625,1
1587856800,2020-04-25 23:20:00+00:00,0.013977000000000002,0.013977000000000002,0.013977000000000002,0.013977000000000002,0.0,0.0,0
1587854400,2020-04-25 22:40:00+00:00,0.013966999999999999,0.013966999999999999,0.013966999999999999,0.013966999999999999,0.0,0.0,0
1587858000,2020-04-25 23:40:00+00:00,0.013977000000000002,0.013977000000000002,0.013977000000000002,0.013977000000000002,0.0,0.0,0
1587858300,2020-04-25 23:45:00+00:00,0.013977000000000002,0.013977000000000002,0.013977000000000002,0.013977000000000002,0.0,0.0,0
1587858900,2020-04-25 23:55:00+00:00,0.013977000000000002,0.013977000000000002,0.013977000000000002,0.013977000000000002,0.0,0.0,0
1587859200,2020-04-26 00:00:00+00:00,0.013977000000000002,0.013977000000000002,0.013977000000000002,0.013977000000000002,0.0,0.0,0
1587859500,2020-04-26 00:05:00+00:00,0.013909999999999999,0.013909999999999999,0.013878999999999999,0.013878999999999999,0.013906,73.39462687,3
1587859800,2020-04-26 00:10:00+00:00,0.013878999999999999,0.013878999999999999,0.013878999999999999,0.013878999999999999,0.0,0.0,0
1587860100,2020-04-26 00:15:00+00:00,0.013878999999999999,0.013878999999999999,0.013878999999999999,0.013878999999999999,0.0,0.0,0
1587860400,2020-04-26 00:20:00+00:00,0.013878999999999999,0.013878999999999999,0.013878999999999999,0.013878999999999999,0.0,0.0,0
1587857100,2020-04-25 23:25:00+00:00,0.013977000000000002,0.013977000000000002,0.013977000000000002,0.013977000000000002,0.0,0.0,0
1587860700,2020-04-26 00:25:00+00:00,0.013879,0.013879,0.013879,0.013879,0.0,0.0,0
1587857400,2020-04-25 23:30:00+00:00,0.013977000000000002,0.013977000000000002,0.013977000000000002,0.013977000000000002,0.0,0.0,0
1587857700,2020-04-25 23:35:00+00:00,0.013977000000000002,0.013977000000000002,0.013977000000000002,0.013977000000000002,0.0,0.0,0
1587858600,2020-04-25 23:50:00+00:00,0.013977000000000002,0.013977000000000002,0.013977000000000002,0.013977000000000002,0.0,0.0,0
1587861000,2020-04-26 00:30:00+00:00,0.013878999999999999,0.013878999999999999,0.013878999999999999,0.013878999999999999,0.0,0.0,0
1587861300,2020-04-26 00:35:00+00:00,0.013878999999999999,0.013878999999999999,0.013878999999999999,0.013878999999999999,0.0,0.0,0
1587861600,2020-04-26 00:40:00+00:00,0.013878999999999999,0.013878999999999999,0.013878999999999999,0.013878999999999999,0.0,0.0,0
1587862500,2020-04-26 00:55:00+00:00,0.013878999999999999,0.013878999999999999,0.013878999999999999,0.013878999999999999,0.0,0.0,0
1587862800,2020-04-26 01:00:00+00:00,0.013878999999999999,0.013878999999999999,0.013878999999999999,0.013878999999999999,0.0,0.0,0
1587863400,2020-04-26 01:10:00+00:00,0.013878999999999999,0.013878999999999999,0.013878999999999999,0.013878999999999999,0.0,0.0,0
1587863700,2020-04-26 01:15:00+00:00,0.013878999999999999,0.013878999999999999,0.013878999999999999,0.013878999999999999,0.0,0.0,0
1587864000,2020-04-26 01:20:00+00:00,0.013878999999999999,0.013878999999999999,0.013878999999999999,0.013878999999999999,0.0,0.0,0
1587864300,2020-04-26 01:25:00+00:00,0.013878999999999999,0.013878999999999999,0.013878999999999999,0.013878999999999999,0.0,0.0,0
1587861900,2020-04-26 00:45:00+00:00,0.013879,0.013879,0.013879,0.013879,0.0,0.0,0
1587862200,2020-04-26 00:50:00+00:00,0.013879,0.013879,0.013879,0.013879,0.0,0.0,0
1587863100,2020-04-26 01:05:00+00:00,0.013879,0.013879,0.013879,0.013879,0.0,0.0,0
1587864600,2020-04-26 01:30:00+00:00,0.013879,0.013879,0.013879,0.013879,0.0,0.0,0
1587864900,2020-04-26 01:35:00+00:00,0.013878999999999999,0.013878999999999999,0.013878999999999999,0.013878999999999999,0.0,0.0,0
1587865200,2020-04-26 01:40:00+00:00,0.013878999999999999,0.013878999999999999,0.013878999999999999,0.013878999999999999,0.0,0.0,0
1587866400,2020-04-26 02:00:00+00:00,0.013878999999999999,0.013878999999999999,0.013878999999999999,0.013878999999999999,0.0,0.0,0
1587866700,2020-04-26 02:05:00+00:00,0.013878999999999999,0.013878999999999999,0.013878999999999999,0.013878999999999999,0.0,0.0,0
1587867300,2020-04-26 02:15:00+00:00,0.013878999999999999,0.013878999999999999,0.013878999999999999,0.013878999999999999,0.0,0.0,0
1587867600,2020-04-26 02:20:00+00:00,0.013878999999999999,0.013878999999999999,0.013878999999999999,0.013878999999999999,0.0,0.0,0
1587867900,2020-04-26 02:25:00+00:00,0.013878999999999999,0.013878999999999999,0.013878999999999999,0.013878999999999999,0.0,0.0,0
1587868200,2020-04-26 02:30:00+00:00,0.013878999999999999,0.013878999999999999,0.013878999999999999,0.013878999999999999,0.0,0.0,0
1587865500,2020-04-26 01:45:00+00:00,0.013879,0.013879,0.013879,0.013879,0.0,0.0,0
1587865800,2020-04-26 01:50:00+00:00,0.013879,0.013879,0.013879,0.013879,0.0,0.0,0
1587868500,2020-04-26 02:35:00+00:00,0.013879,0.013879,0.013879,0.013879,0.0,0.0,0
1587867000,2020-04-26 02:10:00+00:00,0.013878999999999999,0.013878999999999999,0.013878999999999999,0.013878999999999999,0.0,0.0,0
1587868800,2020-04-26 02:40:00+00:00,0.013878999999999999,0.013878999999999999,0.013878999999999999,0.013878999999999999,0.0,0.0,0
1587869100,2020-04-26 02:45:00+00:00,0.013878999999999999,0.013878999999999999,0.013878999999999999,0.013878999999999999,0.0,0.0,0
1587869400,2020-04-26 02:50:00+00:00,0.013878999999999999,0.013878999999999999,0.013878999999999999,0.013878999999999999,0.0,0.0,0
1587870300,2020-04-26 03:05:00+00:00,0.013878999999999999,0.013878999999999999,0.013878999999999999,0.013878999999999999,0.0,0.0,0
1587870600,2020-04-26 03:10:00+00:00,0.013878999999999999,0.013878999999999999,0.013878999999999999,0.013878999999999999,0.0,0.0,0
1587871500,2020-04-26 03:25:00+00:00,0.013878999999999999,0.013878999999999999,0.013878999999999999,0.013878999999999999,0.0,0.0,0
1587871800,2020-04-26 03:30:00+00:00,0.013934,0.013934,0.013934,0.013934,0.013934,9.26499999,1
1587872100,2020-04-26 03:35:00+00:00,0.013934,0.013934,0.013934,0.013934,0.013934,10.7546,1
1587866100,2020-04-26 01:55:00+00:00,0.013879,0.013879,0.013879,0.013879,0.0,0.0,0
1587870900,2020-04-26 03:15:00+00:00,0.013879,0.013879,0.013879,0.013879,0.0,0.0,0
1587871200,2020-04-26 03:20:00+00:00,0.013879,0.013879,0.013879,0.013879,0.0,0.0,0
1587872400,2020-04-26 03:40:00+00:00,0.013934,0.013934,0.013934,0.013934,0.0,0.0,0
1587869700,2020-04-26 02:55:00+00:00,0.013878999999999999,0.013878999999999999,0.013878999999999999,0.013878999999999999,0.0,0.0,0
1587870000,2020-04-26 03:00:00+00:00,0.013878999999999999,0.013878999999999999,0.013878999999999999,0.013878999999999999,0.0,0.0,0
1587874200,2020-04-26 04:10:00+00:00,0.013934,0.013934,0.013934,0.013934,0.0,0.0,0
1587874500,2020-04-26 04:15:00+00:00,0.013949000000000001,0.013961000000000001,0.013947,0.013951,0.013956,47.918,4
1587874800,2020-04-26 04:20:00+00:00,0.013951,0.013953,0.013951,0.013953,0.013952,18.43,2
1587875400,2020-04-26 04:30:00+00:00,0.013953,0.013953,0.013953,0.013953,0.0,0.0,0
1587875700,2020-04-26 04:35:00+00:00,0.013938999999999998,0.013947,0.013933000000000001,0.013933000000000001,0.013940000000000001,22.20599999,3
1587876000,2020-04-26 04:40:00+00:00,0.013933000000000001,0.013933000000000001,0.013933000000000001,0.013933000000000001,0.0,0.0,0
1587876300,2020-04-26 04:45:00+00:00,0.013933000000000001,0.013933000000000001,0.013933000000000001,0.013933000000000001,0.0,0.0,0
1587873300,2020-04-26 03:55:00+00:00,0.013934,0.013934,0.013934,0.013934,0.0,0.0,0
1587873600,2020-04-26 04:00:00+00:00,0.013934,0.013934,0.013934,0.013934,0.0,0.0,0
1587875100,2020-04-26 04:25:00+00:00,0.013953,0.013953,0.013953,0.013953,0.0,0.0,0
1587876600,2020-04-26 04:50:00+00:00,0.013933000000000001,0.013933000000000001,0.013933000000000001,0.013933000000000001,0.0,0.0,0
1587876900,2020-04-26 04:55:00+00:00,0.013933000000000001,0.013934,0.013808,0.013808,0.013899000000000002,5667.5358,13
1587877200,2020-04-26 05:00:00+00:00,0.013808,0.013808,0.013808,0.013808,0.0,0.0,0
1587877500,2020-04-26 05:05:00+00:00,0.013808,0.013808,0.013808,0.013808,0.0,0.0,0
1587879300,2020-04-26 05:35:00+00:00,0.013808,0.013808,0.013808,0.013808,0.0,0.0,0
1587879600,2020-04-26 05:40:00+00:00,0.013808,0.013808,0.013808,0.013808,0.0,0.0,0
1587879900,2020-04-26 05:45:00+00:00,0.013808,0.013808,0.013808,0.013808,0.0,0.0,0
1587880200,2020-04-26 05:50:00+00:00,0.013808,0.013808,0.013808,0.013808,0.0,0.0,0
1587873000,2020-04-26 03:50:00+00:00,0.013934,0.013934,0.013934,0.013934,0.000000,0.00000000,0
1587873900,2020-04-26 04:05:00+00:00,0.013934,0.013934,0.013934,0.013934,0.000000,0.00000000,0
