time,open,high,low,close,vwap,volume,count
2020-03-26 11:00:00,6586.71,6586.71,6586.71,6586.71,0.00,0.00000000,0
2020-03-26 12:00:00,6586.71,6628.33,6586.71,6628.33,6607.93,0.38000276,5
2020-03-26 13:00:00,6628.33,6681.49,6563.57,6636.99,6607.46,3.54259386,35
2020-03-26 14:00:00,6636.99,6636.99,6629.88,6629.88,6629.88,0.05020000,3
2020-03-26 15:00:00,6629.88,6629.88,6609.20,6609.20,6610.83,0.53498470,9
2020-03-26 16:00:00,6609.20,6609.20,6608.95,6608.95,6608.95,0.02028628,1
2020-03-26 17:00:00,6692.06,6692.06,6649.30,6649.30,6677.15,0.02295405,2
2020-03-26 18:00:00,6655.65,6659.40,6653.37,6659.40,6654.59,0.24003468,5
2020-03-26 19:00:00,6659.40,6686.70,6659.40,6686.70,6686.70,0.00628334,1
2020-03-26 20:00:00,6686.70,6727.31,6686.70,6723.88,6717.58,2.08878293,8
2020-03-26 21:00:00,6723.88,6780.78,6723.88,6773.40,6770.45,3.44929889,12
2020-03-26 22:00:00,6773.40,6773.40,6701.72,6724.10,6704.64,0.29292870,5
2020-03-26 23:00:00,6724.10,6757.12,6724.10,6750.80,6748.66,0.35212956,3
2020-03-27 00:00:00,6750.80,6831.86,6750.80,6831.86,6831.86,0.08471615,1
2020-03-27 01:00:00,6831.86,6831.86,6831.86,6831.86,0.00,0.00000000,0
2020-03-27 02:00:00,6812.38,6824.94,6812.38,6824.94,6820.94,2.95000000,5
2020-03-27 03:00:00,6824.94,6824.94,6814.51,6814.51,6820.93,0.52455388,3
2020-03-27 04:00:00,6814.51,6814.51,6814.51,6814.51,0.00,0.00000000,0
2020-03-27 05:00:00,6814.51,6814.51,6814.51,6814.51,0.00,0.00000000,0
2020-03-27 06:00:00,6814.51,6814.51,6700.30,6700.30,6700.30,0.03447000,1
2020-03-27 07:00:00,6700.30,6700.30,6700.30,6700.30,0.00,0.00000000,0
2020-03-27 08:00:00,6700.30,6700.30,6700.30,6700.30,0.00,0.00000000,0
2020-03-27 09:00:00,6700.30,6712.10,6700.30,6712.10,6712.09,0.72953936,3
2020-03-27 10:00:00,6655.02,6676.34,6618.10,6676.34,6634.00,1.59192777,11
2020-03-27 11:00:00,6676.34,6676.34,6676.34,6676.34,0.00,0.00000000,0
2020-03-27 12:00:00,6676.34,6676.34,6640.81,6645.86,6645.47,1.00000000,3
2020-03-27 13:00:00,6645.86,6645.86,6582.50,6582.50,6584.03,0.84373134,7
2020-03-27 14:00:00,6582.50,6635.45,6582.50,6635.45,6635.45,0.00886487,1
2020-03-27 15:00:00,6635.45,6653.80,6635.45,6653.80,6645.52,0.01997405,2
2020-03-27 16:00:00,6653.80,6653.80,6623.71,6651.56,6650.93,0.15343847,3
2020-03-27 17:00:00,6651.56,6658.83,6638.04,6658.83,6644.75,1.52809575,11
2020-03-27 18:00:00,6658.83,6658.83,6658.83,6658.83,0.00,0.00000000,0
2020-03-27 19:00:00,6658.83,6686.01,6658.83,6670.00,6682.77,0.03633459,2
2020-03-27 20:00:00,6670.00,6670.00,6670.00,6670.00,0.00,0.00000000,0
2020-03-27 21:00:00,6670.00,6670.00,6670.00,6670.00,0.00,0.00000000,0
2020-03-27 22:00:00,6670.00,6670.00,6670.00,6670.00,0.00,0.00000000,0
2020-03-27 23:00:00,6670.00,6670.00,5834.52,6372.18,6385.77,6.57827634,84
2020-03-28 00:00:00,6348.54,6348.54,6229.57,6293.87,6269.87,0.70007599,10
2020-03-28 01:00:00,6293.87,6293.87,6284.49,6285.09,6285.39,0.12244515,6
2020-03-28 02:00:00,6285.09,6285.09,6285.09,6285.09,0.00,0.00000000,0
2020-03-28 03:00:00,6221.70,6221.70,6082.41,6141.90,6171.74,12.18219759,52
2020-03-28 04:00:00,6141.90,6141.90,6141.90,6141.90,0.00,0.00000000,0
2020-03-28 05:00:00,6141.90,6141.90,6141.90,6141.90,0.00,0.00000000,0
2020-03-28 06:00:00,6141.90,6173.40,6141.90,6173.40,6170.87,0.10000000,3
2020-03-28 07:00:00,6173.40,6187.06,6173.40,6187.06,6187.06,0.05000000,1
2020-03-28 08:00:00,6187.06,6272.21,6187.06,6272.03,6224.20,1.19985517,6
2020-03-28 09:00:00,6272.03,6286.18,6272.03,6286.18,6282.33,0.05546208,2
2020-03-28 10:00:00,6286.18,6286.18,6240.32,6262.67,6246.88,0.48533562,9
2020-03-28 11:00:00,6321.29,6321.29,6244.31,6244.31,6287.41,0.26107469,4
2020-03-28 12:00:00,6244.31,6248.08,6243.85,6248.08,6244.60,1.45612138,5
2020-03-28 13:00:00,6248.08,6248.08,6206.91,6241.49,6208.81,1.05777426,5
2020-03-28 14:00:00,6241.49,6241.49,6241.49,6241.49,0.00,0.00000000,0
2020-03-28 15:00:00,6241.49,6241.49,6240.00,6240.00,6240.00,0.52002517,2
2020-03-28 16:00:00,6240.00,6240.00,6240.00,6240.00,0.00,0.00000000,0
2020-03-28 17:00:00,6255.42,6255.42,6076.52,6076.52,6147.33,2.64481709,22
2020-03-28 18:00:00,6117.18,6211.01,6117.18,6199.93,6174.45,0.09657000,3
2020-03-28 19:00:00,6199.93,6199.93,6199.93,6199.93,0.00,0.00000000,0
2020-03-28 20:00:00,6256.79,6256.79,6256.79,6256.79,6256.79,0.16747491,3
2020-03-28 21:00:00,6197.92,6251.30,6197.92,6251.30,6250.49,2.01599083,4
2020-03-28 22:00:00,6251.30,6251.30,6198.50,6198.50,6223.34,0.65301283,4
2020-03-28 23:00:00,6198.50,6198.50,6198.50,6198.50,0.00,0.00000000,0
2020-03-29 00:00:00,6198.50,6198.50,6198.50,6198.50,0.00,0.00000000,0
2020-03-29 01:00:00,6198.50,6198.50,6198.50,6198.50,0.00,0.00000000,0
2020-03-29 02:00:00,6198.50,6198.50,6198.50,6198.50,0.00,0.00000000,0
2020-03-29 03:00:00,6198.50,6202.51,6198.50,6202.50,6202.50,0.24394270,3
2020-03-29 04:00:00,6206.05,6206.05,6205.94,6205.94,6205.97,0.15000000,3
2020-03-29 05:00:00,6205.94,6205.94,6193.35,6193.35,6193.35,0.03500000,1
2020-03-29 06:00:00,6193.35,6193.35,6193.35,6193.35,0.00,0.00000000,0
2020-03-29 07:00:00,6193.35,6193.35,6193.35,6193.35,0.00,0.00000000,0
2020-03-29 08:00:00,6193.35,6193.35,6193.35,6193.35,0.00,0.00000000,0
2020-03-29 09:00:00,6193.35,6193.35,6114.50,6114.50,6115.69,1.00717768,6
2020-03-29 10:00:00,6114.50,6214.58,6114.50,6214.58,6132.51,1.02206555,8
2020-03-29 11:00:00,6214.58,6214.58,6214.58,6214.58,0.00,0.00000000,0
2020-03-29 12:00:00,6214.58,6214.58,6096.00,6096.00,6097.82,1.05323987,3
2020-03-29 13:00:00,6096.00,6096.00,6096.00,6096.00,0.00,0.00000000,0
2020-03-29 14:00:00,6131.94,6131.94,6131.92,6131.92,6131.92,0.10000000,2
2020-03-29 15:00:00,6131.92,6144.39,6131.92,6144.39,6144.39,0.00723993,1
2020-03-29 16:00:00,6121.80,6156.39,6118.50,6156.39,6153.10,1.10382105,4
2020-03-29 17:00:00,6156.39,6156.39,6156.39,6156.39,0.00,0.00000000,0
2020-03-29 18:00:00,6156.39,6156.39,6156.39,6156.39,0.00,0.00000000,0
2020-03-29 19:00:00,6156.39,6156.39,5914.11,5923.90,5977.24,2.59706403,19
2020-03-29 20:00:00,5923.90,5944.02,5430.00,5938.44,5822.00,19.29010175,63
2020-03-29 21:00:00,5943.60,5943.60,5913.56,5913.56,5915.98,0.39331036,13
2020-03-29 22:00:00,5892.05,5922.45,5870.94,5912.49,5886.11,3.32080794,14
2020-03-29 23:00:00,5912.49,5912.49,5912.49,5912.49,0.00,0.00000000,0
2020-03-30 00:00:00,5912.49,5912.49,5900.00,5900.00,5900.00,1.00000342,6
2020-03-30 01:00:00,5900.00,5900.00,5900.00,5900.00,5900.00,0.30000000,9
2020-03-30 02:00:00,5900.00,6015.44,5900.00,6015.44,6015.44,0.00758786,1
2020-03-30 03:00:00,6015.44,6015.44,5980.90,5980.90,5984.32,0.10921484,4
2020-03-30 04:00:00,5980.90,6030.24,5980.90,6030.22,6030.23,1.05582792,4
2020-03-30 05:00:00,6078.19,6229.87,6078.19,6229.87,6154.77,2.31237164,34
2020-03-30 06:00:00,6229.87,6244.77,6229.87,6244.77,6244.77,1.00000000,2
2020-03-30 07:00:00,6278.89,6278.89,6278.89,6278.89,6278.89,0.03132464,1
2020-03-30 08:00:00,6278.89,6297.02,6268.01,6279.61,6279.59,1.07272318,8
2020-03-30 09:00:00,6279.61,6279.61,6279.00,6279.00,6279.00,0.08582645,4
2020-03-30 10:00:00,6279.00,6283.39,6276.50,6276.50,6283.29,0.15639599,8
2020-03-30 11:00:00,6276.50,6385.10,6276.50,6385.10,6361.60,1.14965739,23
2020-03-30 12:00:00,6380.32,6380.32,6310.41,6330.43,6327.29,0.46734438,16
2020-03-30 13:00:00,6330.43,6330.43,6330.43,6330.43,0.00,0.00000000,0
2020-03-30 14:00:00,6298.70,6348.18,6298.59,6348.18,6301.00,0.40186027,4
2020-03-30 15:00:00,6348.18,6418.70,6348.18,6350.39,6400.33,1.21505122,7
2020-03-30 16:00:00,6317.93,6397.98,6313.90,6397.98,6319.67,1.07270000,7
2020-03-30 17:00:00,6397.98,6397.98,6361.61,6361.61,6361.61,0.04985749,1
2020-03-30 18:00:00,6361.61,6378.83,6361.61,6378.83,6378.83,0.03918038,1
2020-03-30 19:00:00,6378.83,6378.83,6371.47,6371.47,6371.47,0.01466740,1
2020-03-30 20:00:00,6416.99,6500.00,6416.99,6464.74,6455.85,2.04821855,15
2020-03-30 21:00:00,6464.74,6551.80,6464.74,6538.00,6534.17,2.70060824,18
2020-03-30 22:00:00,6564.39,6564.40,6508.91,6508.91,6529.43,0.94912360,7
2020-03-30 23:00:00,6508.91,6508.91,6508.91,6508.91,0.00,0.00000000,0
2020-03-31 00:00:00,6508.91,6508.91,6508.91,6508.91,0.00,0.00000000,0
2020-03-31 01:00:00,6508.91,6508.91,6501.55,6508.70,6507.14,1.22713187,3
2020-03-31 02:00:00,6508.70,6508.70,6494.39,6494.40,6494.39,0.50000000,2
2020-03-31 03:00:00,6429.06,6459.86,6425.20,6451.90,6433.46,1.98206781,27
2020-03-31 04:00:00,6451.90,6451.90,6451.90,6451.90,0.00,0.00000000,0
2020-03-31 05:00:00,6451.90,6451.90,6451.90,6451.90,0.00,0.00000000,0
2020-03-31 06:00:00,6451.90,6451.90,6451.90,6451.90,0.00,0.00000000,0
2020-03-31 07:00:00,6451.90,6451.90,6451.90,6451.90,0.00,0.00000000,0
2020-03-31 08:00:00,6451.90,6471.44,6451.90,6471.44,6471.44,0.01341000,3
2020-03-31 09:00:00,6481.19,6481.19,6481.19,6481.19,6481.19,0.00472947,1
2020-03-31 10:00:00,6481.19,6481.19,6481.19,6481.19,0.00,0.00000000,0
2020-03-31 11:00:00,6481.19,6481.19,6385.52,6385.52,6419.30,0.25512478,2
2020-03-31 12:00:00,6385.52,6446.18,6344.10,6446.18,6356.20,1.07390192,3
2020-03-31 13:00:00,6446.18,6461.86,6446.18,6461.86,6461.86,0.00638660,1
2020-03-31 14:00:00,6461.86,6461.86,6461.86,6461.86,0.00,0.00000000,0
2020-03-31 15:00:00,6461.86,6837.38,6435.95,6837.38,6534.26,7.68505159,30
2020-03-31 16:00:00,6472.55,6479.89,6472.55,6479.89,6475.23,0.38558695,6
2020-03-31 17:00:00,6479.89,6479.89,6479.89,6479.89,0.00,0.00000000,0
2020-03-31 18:00:00,6479.89,6479.89,6479.89,6479.89,0.00,0.00000000,0
2020-03-31 19:00:00,6479.89,6489.09,6453.40,6477.07,6469.20,3.61838957,19
2020-03-31 20:00:00,6469.87,6485.67,6466.20,6485.67,6469.30,0.44795000,5
2020-03-31 21:00:00,6485.67,6485.67,6472.21,6476.71,6472.29,1.01459764,4
2020-03-31 22:00:00,6476.71,6476.71,6476.71,6476.71,0.00,0.00000000,0
2020-03-31 23:00:00,6476.71,6476.71,6459.18,6459.18,6459.18,0.01527135,1
2020-04-01 00:00:00,6459.18,6459.18,6296.29,6312.71,6296.74,0.08055679,7
2020-04-01 01:00:00,6312.71,6312.71,6299.78,6299.78,6299.78,0.05859785,3
2020-04-01 02:00:00,6299.78,6299.78,6299.78,6299.78,0.00,0.00000000,0
2020-04-01 03:00:00,6299.78,6361.50,6299.78,6361.50,6361.50,0.01900000,1
2020-04-01 04:00:00,6361.50,6361.50,6361.50,6361.50,0.00,0.00000000,0
2020-04-01 05:00:00,6361.50,6361.50,6361.50,6361.50,0.00,0.00000000,0
2020-04-01 06:00:00,6361.50,6361.50,6314.59,6317.80,6317.60,0.68565821,2
2020-04-01 07:00:00,6317.80,6324.58,6317.80,6324.58,6324.58,0.03147435,1
2020-04-01 08:00:00,6324.58,6324.58,6324.58,6324.58,0.00,0.00000000,0
2020-04-01 09:00:00,6324.58,6324.58,6290.46,6290.46,6293.36,0.04333509,2
2020-04-01 10:00:00,6296.76,6313.00,6296.76,6313.00,6302.36,0.01034879,2
2020-04-01 11:00:00,6313.00,6313.00,6299.11,6299.11,6299.11,0.03409554,4
2020-04-01 12:00:00,6299.11,6299.11,6249.54,6282.00,6275.54,9.01994693,11
2020-04-01 13:00:00,6282.00,6282.00,6205.62,6222.90,6220.78,2.02995049,11
2020-04-01 14:00:00,6218.37,6258.95,6218.37,6251.30,6234.55,1.46407976,13
2020-04-01 15:00:00,6251.30,6255.00,6249.00,6249.00,6251.99,0.20000000,5
2020-04-01 16:00:00,6227.27,6227.27,6167.04,6187.60,6172.92,0.52005873,5
2020-04-01 17:00:00,6187.60,6211.10,6187.60,6207.24,6209.61,0.12973281,5
2020-04-01 18:00:00,6215.00,6220.01,6215.00,6220.01,6215.41,1.79041073,12
2020-04-01 19:00:00,6220.01,6220.01,6215.88,6215.88,6215.88,0.00340504,1
2020-04-01 20:00:00,6215.88,6372.16,6215.88,6367.57,6353.44,1.85079623,15
2020-04-01 21:00:00,6367.57,6425.20,6367.57,6400.00,6405.37,0.16598348,7
2020-04-01 22:00:00,6400.00,6584.51,6400.00,6575.20,6508.65,1.95656966,27
2020-04-01 23:00:00,6567.90,6662.31,6567.90,6658.97,6649.00,1.18233723,10
2020-04-02 00:00:00,6672.66,6708.89,6655.09,6655.09,6667.73,0.61231353,12
2020-04-02 01:00:00,6655.09,6655.09,6655.09,6655.09,6655.09,0.45078000,1
2020-04-02 02:00:00,6655.09,6655.09,6655.09,6655.09,0.00,0.00000000,0
2020-04-02 03:00:00,6632.36,6632.36,6632.36,6632.36,6632.36,0.02985140,1
2020-04-02 04:00:00,6632.36,6632.36,6623.01,6623.01,6624.81,2.54694000,6
2020-04-02 05:00:00,6623.01,6623.01,6594.37,6609.50,6594.54,0.70203904,4
2020-04-02 06:00:00,6609.50,6609.50,6609.50,6609.50,0.00,0.00000000,0
2020-04-02 07:00:00,6609.50,6609.50,6609.50,6609.50,0.00,0.00000000,0
2020-04-02 08:00:00,6609.50,6642.72,6609.50,6642.72,6642.12,0.57628822,4
2020-04-02 09:00:00,6642.72,6668.90,6642.72,6668.90,6668.90,0.01200000,1
2020-04-02 10:00:00,6700.00,6700.00,6658.45,6659.20,6690.23,0.67604049,5
2020-04-02 11:00:00,6639.27,6707.18,6632.44,6686.97,6695.67,1.16235647,19
2020-04-02 12:00:00,6686.97,6728.95,6662.03,6662.03,6727.30,1.61482180,2
2020-04-02 13:00:00,6662.03,6662.04,6662.03,6662.04,6662.04,0.02000000,1
2020-04-02 14:00:00,6662.04,6774.75,6662.04,6766.62,6774.21,1.83859647,13
2020-04-02 15:00:00,6766.62,6785.82,6766.62,6783.84,6784.51,0.22722351,6
2020-04-02 16:00:00,6783.84,6912.87,6783.84,6912.87,6911.40,0.09341612,2
2020-04-02 17:00:00,6999.00,7151.90,6999.00,7108.60,7069.26,3.02378603,67
2020-04-02 18:00:00,7092.40,7092.40,6780.15,6780.20,6886.97,4.72689536,44
2020-04-02 19:00:00,6763.49,6849.90,6763.49,6822.49,6828.33,2.98287628,28
2020-04-02 20:00:00,6822.49,6822.49,6677.07,6677.07,6726.20,0.81445515,19
2020-04-02 21:00:00,6789.82,6832.18,6789.82,6832.18,6814.10,0.06246165,2
2020-04-02 22:00:00,6832.18,6832.18,6832.18,6832.18,0.00,0.00000000,0
2020-04-02 23:00:00,6828.73,6828.73,6768.00,6805.50,6809.50,0.25728099,11
2020-04-03 00:00:00,6805.50,6805.60,6805.50,6805.60,6805.60,0.18856287,1
2020-04-03 01:00:00,6805.60,6805.60,6805.60,6805.60,0.00,0.00000000,0
2020-04-03 02:00:00,6805.60,6830.38,6805.60,6830.38,6828.64,2.70395957,15
2020-04-03 03:00:00,6830.38,6830.38,6800.00,6800.00,6802.93,1.07318114,6
2020-04-03 04:00:00,6797.46,6797.46,6763.71,6763.71,6778.69,0.01157329,2
2020-04-03 05:00:00,6763.71,6763.71,6763.71,6763.71,0.00,0.00000000,0
2020-04-03 06:00:00,6763.71,6763.71,6763.71,6763.71,0.00,0.00000000,0
2020-04-03 07:00:00,6763.71,6873.17,6763.71,6870.30,6870.68,0.15693110,3
2020-04-03 08:00:00,6870.30,6870.30,6870.30,6870.30,0.00,0.00000000,0
2020-04-03 09:00:00,6870.30,6917.61,6870.30,6914.00,6917.41,0.06477462,5
2020-04-03 10:00:00,6914.00,7018.39,6914.00,7018.39,7018.39,1.00000000,1
2020-04-03 11:00:00,6995.04,6995.04,6958.00,6958.00,6964.98,0.19554545,6
2020-04-03 12:00:00,6958.00,6958.00,6907.26,6933.40,6930.18,0.22382938,6
2020-04-03 13:00:00,6943.04,6943.04,6894.50,6903.40,6905.41,1.67223518,9
2020-04-03 14:00:00,6903.40,6903.40,6829.87,6831.26,6836.58,0.01558885,3
2020-04-03 15:00:00,6831.26,6831.26,6700.00,6720.09,6751.27,2.42544932,22
2020-04-03 16:00:00,6722.60,6739.75,6636.18,6739.75,6686.74,2.65950476,61
2020-04-03 17:00:00,6739.75,6739.75,6729.90,6733.38,6732.31,0.00857901,2
2020-04-03 18:00:00,6724.16,6748.44,6724.16,6748.44,6747.96,0.70826335,9
2020-04-03 19:00:00,6748.44,6781.77,6746.70,6781.77,6764.01,2.23050000,11
2020-04-03 20:00:00,6781.77,6793.08,6781.77,6793.08,6793.08,0.94047923,4
2020-04-03 21:00:00,6793.08,6793.08,6793.08,6793.08,0.00,0.00000000,0
2020-04-03 22:00:00,6793.08,6793.08,6739.29,6739.29,6739.29,0.00725194,1
2020-04-03 23:00:00,6772.55,6772.55,6772.55,6772.55,6772.55,0.00405900,1
2020-04-04 00:00:00,6772.55,6772.55,6772.55,6772.55,0.00,0.00000000,0
2020-04-04 01:00:00,6772.55,6772.55,6772.55,6772.55,0.00,0.00000000,0
2020-04-04 02:00:00,6772.55,6772.55,6772.55,6772.55,0.00,0.00000000,0
2020-04-04 03:00:00,6772.55,6772.55,6772.55,6772.55,0.00,0.00000000,0
2020-04-04 04:00:00,6772.55,6772.55,6772.55,6772.55,0.00,0.00000000,0
2020-04-04 05:00:00,6772.55,6772.55,6750.00,6750.00,6750.00,0.01795000,1
2020-04-04 06:00:00,6750.00,6750.00,6717.47,6717.47,6717.47,0.00770600,1
2020-04-04 07:00:00,6717.47,6717.47,6717.47,6717.47,0.00,0.00000000,0
2020-04-04 08:00:00,6717.47,6772.55,6717.47,6772.55,6772.55,0.00294057,2
2020-04-04 09:00:00,6772.55,6838.82,6772.55,6838.82,6838.82,0.01096521,1
2020-04-04 10:00:00,6838.82,6868.25,6838.82,6868.25,6868.25,0.05000000,1
2020-04-04 11:00:00,6868.25,6884.62,6707.92,6707.92,6793.25,1.25691963,15
2020-04-04 12:00:00,6695.96,6710.82,6695.96,6710.82,6704.24,0.02616350,3
2020-04-04 13:00:00,6710.82,6727.64,6710.82,6727.64,6727.64,0.02000000,2
2020-04-04 14:00:00,6727.64,6734.03,6727.64,6734.03,6734.01,0.15000000,3
2020-04-04 15:00:00,6734.03,6745.03,6734.03,6745.03,6745.03,0.02000000,1
2020-04-04 16:00:00,6760.61,6792.50,6760.61,6792.50,6767.83,0.64044000,6
2020-04-04 17:00:00,6792.50,6792.50,6772.44,6772.44,6790.64,0.39032189,4
2020-04-04 18:00:00,6785.44,6815.55,6785.44,6815.55,6792.73,0.15368198,13
2020-04-04 19:00:00,6815.55,6815.55,6815.55,6815.55,0.00,0.00000000,0
2020-04-04 20:00:00,6943.88,7013.66,6787.06,6883.33,6839.74,2.75632524,36
2020-04-04 21:00:00,6878.99,6878.99,6873.29,6873.30,6878.57,1.07800000,9
2020-04-04 22:00:00,6830.39,6830.39,6830.38,6830.38,6830.38,0.08030441,2
2020-04-04 23:00:00,6830.38,6860.00,6830.38,6860.00,6860.00,0.07291971,1
2020-04-05 00:00:00,6860.00,6860.00,6860.00,6860.00,0.00,0.00000000,0
2020-04-05 01:00:00,6860.00,6860.00,6860.00,6860.00,0.00,0.00000000,0
2020-04-05 02:00:00,6860.00,6860.00,6860.00,6860.00,0.00,0.00000000,0
2020-04-05 03:00:00,6860.00,6860.00,6860.00,6860.00,0.00,0.00000000,0
2020-04-05 04:00:00,6860.00,6860.00,6860.00,6860.00,0.00,0.00000000,0
2020-04-05 05:00:00,6860.00,6860.00,6831.19,6831.19,6831.19,1.00000000,1
2020-04-05 06:00:00,6831.19,6831.19,6756.37,6756.37,6756.37,0.23222810,1
2020-04-05 07:00:00,6756.37,6756.37,6756.37,6756.37,0.00,0.00000000,0
2020-04-05 08:00:00,6756.37,6756.37,6756.37,6756.37,0.00,0.00000000,0
2020-04-05 09:00:00,6756.37,6811.25,6756.37,6805.59,6805.89,0.69000000,2
2020-04-05 10:00:00,6805.59,6805.59,6805.59,6805.59,0.00,0.00000000,0
2020-04-05 11:00:00,6805.59,6805.59,6757.14,6795.98,6775.98,0.91056551,7
2020-04-05 12:00:00,6795.98,6795.98,6784.04,6784.04,6784.05,0.04519887,2
2020-04-05 13:00:00,6784.04,6784.04,6784.04,6784.04,0.00,0.00000000,0
2020-04-05 14:00:00,6784.04,6784.04,6784.04,6784.04,0.00,0.00000000,0
2020-04-05 15:00:00,6781.71,6781.71,6781.70,6781.70,6781.70,0.83581942,5
2020-04-05 16:00:00,6781.70,6781.70,6781.70,6781.70,0.00,0.00000000,0
2020-04-05 17:00:00,6748.30,6765.95,6716.80,6765.95,6745.74,2.34191884,22
2020-04-05 18:00:00,6765.95,6765.95,6765.95,6765.95,0.00,0.00000000,0
2020-04-05 19:00:00,6765.95,6798.33,6765.95,6792.90,6794.09,0.21734330,6
2020-04-05 20:00:00,6792.90,6792.90,6743.81,6743.81,6743.81,0.18590000,4
2020-04-05 21:00:00,6743.81,6773.40,6740.30,6773.40,6759.57,0.08882396,2
2020-04-05 22:00:00,6773.40,6816.40,6773.40,6782.28,6788.90,1.28051189,10
2020-04-05 23:00:00,6794.00,6794.00,6794.00,6794.00,6794.00,0.00363000,1
2020-04-06 00:00:00,6760.21,6760.21,6760.21,6760.21,6760.21,0.00609945,1
2020-04-06 01:00:00,6760.21,6863.84,6760.21,6849.89,6857.79,0.01319800,2
2020-04-06 02:00:00,6849.89,6849.89,6849.89,6849.89,0.00,0.00000000,0
2020-04-06 03:00:00,6833.57,6849.99,6833.57,6849.99,6836.49,0.08181144,5
2020-04-06 04:00:00,6849.99,6900.00,6849.99,6900.00,6900.00,0.07318114,3
2020-04-06 05:00:00,6900.00,6947.17,6900.00,6947.17,6947.17,0.04000000,1
2020-04-06 06:00:00,6947.17,6947.17,6947.17,6947.17,0.00,0.00000000,0
2020-04-06 07:00:00,6947.17,7065.90,6947.17,6996.91,7004.38,1.40473870,13
2020-04-06 08:00:00,6996.91,7047.04,6996.91,7042.90,7046.64,0.60000000,4
2020-04-06 09:00:00,7105.56,7118.15,7105.56,7118.15,7115.09,0.01320000,2
2020-04-06 10:00:00,7118.15,7133.78,7101.00,7101.00,7131.81,0.21553068,5
2020-04-06 11:00:00,7101.00,7112.10,7095.59,7095.59,7097.15,0.03892555,6
2020-04-06 12:00:00,7127.33,7176.67,7127.33,7176.67,7139.08,0.07107230,3
2020-04-06 13:00:00,7176.67,7176.67,7070.61,7101.81,7108.06,0.62157992,17
2020-04-06 14:00:00,7106.53,7113.99,7089.46,7113.99,7100.99,2.07470955,15
2020-04-06 15:00:00,7113.99,7150.00,7113.99,7141.50,7134.44,0.29586527,12
2020-04-06 16:00:00,7168.41,7168.41,7126.83,7158.00,7154.53,0.64968449,7
2020-04-06 17:00:00,7158.00,7223.10,7158.00,7223.10,7192.84,1.19719089,8
2020-04-06 18:00:00,7215.81,7250.00,7215.81,7250.00,7235.41,0.18350983,9
2020-04-06 19:00:00,7232.94,7303.70,7232.94,7291.64,7289.94,0.29091074,16
2020-04-06 20:00:00,7291.64,7291.64,7214.89,7242.00,7246.17,2.24903261,16
2020-04-06 21:00:00,7218.79,7293.80,7218.79,7293.80,7238.36,1.76611921,13
2020-04-06 22:00:00,7293.80,7293.80,7272.40,7272.40,7272.40,0.00695318,1
2020-04-06 23:00:00,7288.18,7358.50,7268.52,7339.23,7347.99,1.15379440,9
2020-04-07 00:00:00,7339.23,7400.00,7339.23,7395.00,7399.16,1.50386152,16
2020-04-07 01:00:00,7389.00,7400.01,7374.27,7400.01,7387.01,1.58645514,10
2020-04-07 02:00:00,7400.01,7400.01,7289.01,7303.00,7301.83,0.21289399,8
2020-04-07 03:00:00,7303.00,7316.70,7265.70,7316.70,7306.31,0.86201252,7
2020-04-07 04:00:00,7316.70,7316.70,7316.70,7316.70,0.00,0.00000000,0
2020-04-07 05:00:00,7316.70,7316.70,7316.70,7316.70,0.00,0.00000000,0
2020-04-07 06:00:00,7316.70,7316.70,7316.70,7316.70,0.00,0.00000000,0
2020-04-07 07:00:00,7316.70,7350.00,7316.70,7350.00,7350.00,0.80000000,14
2020-04-07 08:00:00,7350.00,7372.95,7316.02,7316.02,7331.53,2.68354000,13
2020-04-07 09:00:00,7374.59,7377.15,7362.14,7377.15,7372.56,0.13949455,5
2020-04-07 10:00:00,7377.15,7440.70,7377.15,7432.00,7435.99,0.94510485,9
2020-04-07 11:00:00,7432.00,7432.00,7370.00,7416.99,7390.47,0.28135292,11
2020-04-07 12:00:00,7435.89,7435.89,7350.51,7357.54,7370.49,0.49753727,8
2020-04-07 13:00:00,7357.54,7357.54,7357.54,7357.54,0.00,0.00000000,0
2020-04-07 14:00:00,7357.54,7357.54,7284.08,7284.31,7296.27,1.99214706,14
2020-04-07 15:00:00,7284.61,7323.23,7284.61,7323.23,7305.17,0.06431172,6
2020-04-07 16:00:00,7323.23,7402.50,7323.23,7402.50,7361.80,0.06806350,2
2020-04-07 17:00:00,7353.51,7353.51,7353.51,7353.51,7353.51,0.00203888,1
2020-04-07 18:00:00,7353.51,7353.51,7290.76,7301.01,7300.34,1.21037472,23
2020-04-07 19:00:00,7318.99,7324.49,7318.61,7323.92,7323.47,1.79920667,8
2020-04-07 20:00:00,7193.97,7213.30,7100.00,7166.80,7158.47,1.36405125,29
2020-04-07 21:00:00,7084.47,7223.55,7078.80,7219.60,7137.92,3.29404563,17
2020-04-07 22:00:00,7175.50,7202.00,7150.00,7202.00,7162.29,6.30101420,23
2020-04-07 23:00:00,7184.16,7185.00,7184.16,7185.00,7184.27,0.06007269,2
2020-04-08 00:00:00,7185.00,7185.00,7185.00,7185.00,0.00,0.00000000,0
2020-04-08 01:00:00,7185.00,7185.00,7173.14,7173.15,7173.14,0.04953902,2
2020-04-08 02:00:00,7173.15,7268.69,7173.15,7260.27,7265.03,0.12200139,2
2020-04-08 03:00:00,7297.25,7300.09,7297.25,7300.09,7298.48,0.14502311,7
2020-04-08 04:00:00,7300.09,7369.62,7300.09,7369.62,7356.98,0.52706368,5
2020-04-08 05:00:00,7353.09,7358.55,7353.09,7358.55,7354.32,0.03088205,2
2020-04-08 06:00:00,7358.55,7408.00,7351.49,7351.49,7384.65,0.11688006,2
2020-04-08 07:00:00,7320.09,7320.09,7320.09,7320.09,7320.09,0.04849804,2
2020-04-08 08:00:00,7320.09,7322.16,7299.03,7299.03,7310.66,0.11028248,6
2020-04-08 09:00:00,7299.41,7299.41,7299.41,7299.41,7299.41,0.45744957,2
2020-04-08 10:00:00,7299.41,7299.41,7292.00,7292.00,7292.00,0.00247098,1
2020-04-08 11:00:00,7292.00,7292.00,7275.03,7275.03,7275.03,0.00255807,1
2020-04-08 12:00:00,7275.03,7275.03,7270.06,7270.07,7270.06,0.10000000,2
2020-04-08 13:00:00,7270.07,7274.64,7270.07,7274.64,7274.64,0.45782941,15
2020-04-08 14:00:00,7227.30,7238.57,7224.00,7237.38,7232.85,1.26686576,8
2020-04-08 15:00:00,7237.38,7287.21,7237.38,7287.21,7287.21,0.00781893,1
2020-04-08 16:00:00,7247.86,7268.66,7247.83,7259.70,7259.98,1.94000000,9
2020-04-08 17:00:00,7322.92,7322.92,7297.70,7297.70,7304.29,1.18382004,7
2020-04-08 18:00:00,7298.75,7298.75,7296.21,7296.21,7296.63,0.68200000,4
2020-04-08 19:00:00,7296.21,7340.00,7296.21,7340.00,7340.00,0.09400000,3
2020-04-08 20:00:00,7340.00,7340.00,7340.00,7340.00,0.00,0.00000000,0
2020-04-08 21:00:00,7355.81,7373.47,7355.81,7373.47,7369.37,1.17643892,5
2020-04-08 22:00:00,7316.82,7355.83,7316.40,7355.83,7316.91,0.35900000,5
2020-04-08 23:00:00,7355.83,7355.83,7355.83,7355.83,0.00,0.00000000,0
2020-04-09 00:00:00,7355.83,7369.91,7355.83,7369.91,7362.30,0.01720868,2
2020-04-09 01:00:00,7369.91,7369.91,7369.91,7369.91,0.00,0.00000000,0
2020-04-09 02:00:00,7369.91,7369.91,7369.91,7369.91,0.00,0.00000000,0
2020-04-09 03:00:00,7369.91,7369.91,7369.91,7369.91,0.00,0.00000000,0
2020-04-09 04:00:00,7369.91,7369.91,7369.91,7369.91,0.00,0.00000000,0
2020-04-09 05:00:00,7369.91,7369.91,7369.91,7369.91,0.00,0.00000000,0
2020-04-09 06:00:00,7323.14,7323.14,7323.14,7323.14,7323.14,0.00682494,1
2020-04-09 07:00:00,7323.14,7334.00,7323.14,7334.00,7331.58,0.68000000,4
2020-04-09 08:00:00,7334.00,7334.00,7334.00,7334.00,0.00,0.00000000,0
2020-04-09 09:00:00,7334.00,7334.00,7334.00,7334.00,0.00,0.00000000,0
2020-04-09 10:00:00,7334.00,7334.00,7334.00,7334.00,0.00,0.00000000,0
2020-04-09 11:00:00,7334.00,7334.00,7170.88,7170.88,7235.51,2.90497363,29
2020-04-09 12:00:00,7147.01,7265.89,7133.90,7265.89,7233.78,2.35764319,26
2020-04-09 13:00:00,7265.89,7265.89,7265.89,7265.89,0.00,0.00000000,0
2020-04-09 14:00:00,7329.13,7329.13,7307.64,7307.64,7308.35,1.97204361,7
2020-04-09 15:00:00,7307.64,7314.87,7307.64,7314.87,7314.87,0.00500000,1
2020-04-09 16:00:00,7314.87,7314.87,7268.90,7275.79,7289.58,2.37049312,13
2020-04-09 17:00:00,7275.79,7322.43,7275.79,7322.43,7312.19,0.00837947,2
2020-04-09 18:00:00,7283.41,7296.20,7283.41,7296.20,7295.73,0.27624872,2
2020-04-09 19:00:00,7296.20,7296.20,7265.00,7265.00,7265.50,0.91041000,4
2020-04-09 20:00:00,7265.00,7288.62,7265.00,7288.62,7271.36,1.68530000,5
2020-04-09 21:00:00,7291.10,7308.29,7291.10,7305.36,7292.77,0.44768424,4
2020-04-09 22:00:00,7305.36,7318.60,7305.36,7318.60,7318.57,0.11480851,3
2020-04-09 23:00:00,7318.60,7318.60,7318.60,7318.60,0.00,0.00000000,0
2020-04-10 00:00:00,7318.60,7318.60,7318.60,7318.60,0.00,0.00000000,0
2020-04-10 01:00:00,7289.61,7289.61,7275.63,7275.63,7287.88,0.15737300,3
2020-04-10 02:00:00,7275.63,7275.63,7230.00,7230.00,7230.00,0.00207468,1
2020-04-10 03:00:00,7204.78,7204.78,7176.71,7176.72,7197.38,2.34706285,11
2020-04-10 04:00:00,7128.61,7129.32,7128.61,7129.32,7128.81,0.11488312,3
2020-04-10 05:00:00,7100.00,7100.00,6949.26,6974.41,7001.72,1.77971525,33
2020-04-10 06:00:00,6931.02,6988.21,6931.02,6972.30,6974.27,0.98028216,5
2020-04-10 07:00:00,6972.30,6972.30,6931.49,6943.30,6943.09,0.71000000,3
2020-04-10 08:00:00,6891.23,6944.97,6891.23,6941.27,6933.07,0.30793686,7
2020-04-10 09:00:00,6941.27,6941.27,6900.00,6900.00,6907.10,0.23481555,7
2020-04-10 10:00:00,6900.00,6900.00,6900.00,6900.00,0.00,0.00000000,0
2020-04-10 11:00:00,6900.00,6900.00,6900.00,6900.00,0.00,0.00000000,0
2020-04-10 12:00:00,6900.00,6918.23,6900.00,6903.34,6913.40,2.37260562,13
2020-04-10 13:00:00,6918.51,6918.51,6900.00,6900.00,6913.21,0.35000000,4
2020-04-10 14:00:00,6882.99,6882.99,6879.46,6879.47,6880.08,0.06070606,3
2020-04-10 15:00:00,6834.38,6842.01,6786.00,6814.39,6814.74,2.03292541,12
2020-04-10 16:00:00,6814.39,6838.68,6802.21,6836.40,6829.81,1.02766058,10
2020-04-10 17:00:00,6836.40,6866.10,6836.40,6866.10,6866.10,0.67013046,1
2020-04-10 18:00:00,6866.10,6866.10,6866.10,6866.10,0.00,0.00000000,0
2020-04-10 19:00:00,6866.10,6866.10,6866.10,6866.10,0.00,0.00000000,0
2020-04-10 20:00:00,6866.10,6926.66,6866.10,6908.21,6917.48,0.99200000,7
2020-04-10 21:00:00,6908.21,6908.21,6908.21,6908.21,0.00,0.00000000,0
2020-04-10 22:00:00,6908.21,6908.21,6864.17,6864.17,6864.17,0.06992114,2
2020-04-10 23:00:00,6864.17,6864.17,6864.17,6864.17,0.00,0.00000000,0
2020-04-11 00:00:00,6864.17,6883.62,6864.17,6878.91,6881.14,0.03655000,4
2020-04-11 01:00:00,6878.91,6878.91,6878.91,6878.91,0.00,0.00000000,0
2020-04-11 02:00:00,6933.51,6933.51,6933.51,6933.51,6933.51,0.00346648,1
2020-04-11 03:00:00,6933.51,6933.51,6918.87,6918.87,6918.87,0.02534289,1
2020-04-11 04:00:00,6949.70,6949.71,6949.70,6949.71,6949.70,0.15015047,2
2020-04-11 05:00:00,6949.71,6949.71,6924.74,6939.80,6935.70,1.03056655,4
2020-04-11 06:00:00,6939.80,6943.79,6927.65,6943.79,6942.11,0.03348000,3
2020-04-11 07:00:00,6943.79,6943.79,6904.39,6904.39,6904.39,0.39280000,1
2020-04-11 08:00:00,6904.39,6904.39,6904.39,6904.39,0.00,0.00000000,0
2020-04-11 09:00:00,6904.39,6904.39,6904.39,6904.39,0.00,0.00000000,0
2020-04-11 10:00:00,6904.39,6904.39,6904.39,6904.39,0.00,0.00000000,0
2020-04-11 11:00:00,6904.39,6904.39,6904.39,6904.39,0.00,0.00000000,0
2020-04-11 12:00:00,6904.39,6904.39,6875.07,6875.07,6875.07,0.00289000,2
2020-04-11 13:00:00,6875.07,6875.07,6875.07,6875.07,0.00,0.00000000,0
2020-04-11 14:00:00,6875.07,6875.07,6875.07,6875.07,0.00,0.00000000,0
2020-04-11 15:00:00,6875.07,6875.07,6875.07,6875.07,0.00,0.00000000,0
2020-04-11 16:00:00,6875.07,6875.07,6875.07,6875.07,0.00,0.00000000,0
2020-04-11 17:00:00,6801.00,6801.00,6801.00,6801.00,6801.00,1.00000000,1
2020-04-11 18:00:00,6801.00,6813.40,6797.90,6798.32,6799.33,1.98064659,11
2020-04-11 19:00:00,6798.32,6823.80,6798.32,6823.80,6823.79,0.08400000,2
2020-04-11 20:00:00,6785.00,6785.00,6785.00,6785.00,6785.00,0.00221000,1
2020-04-11 21:00:00,6785.00,6790.72,6774.71,6790.72,6786.47,0.12351550,5
2020-04-11 22:00:00,6790.72,6891.20,6790.72,6872.30,6886.08,0.59773453,4
2020-04-11 23:00:00,6872.30,6872.30,6872.30,6872.30,0.00,0.00000000,0
2020-04-12 00:00:00,6872.30,6872.30,6872.30,6872.30,0.00,0.00000000,0
2020-04-12 01:00:00,6872.30,6872.30,6860.00,6860.00,6860.00,0.00962000,1
2020-04-12 02:00:00,6860.00,6860.00,6810.50,6810.50,6813.31,1.30000000,6
2020-04-12 03:00:00,6810.50,6810.50,6810.50,6810.50,0.00,0.00000000,0
2020-04-12 04:00:00,6810.50,6810.50,6810.50,6810.50,0.00,0.00000000,0
2020-04-12 05:00:00,6810.50,6810.50,6810.50,6810.50,0.00,0.00000000,0
2020-04-12 06:00:00,6810.50,6810.50,6810.50,6810.50,0.00,0.00000000,0
2020-04-12 07:00:00,6810.50,6810.50,6810.50,6810.50,0.00,0.00000000,0
2020-04-12 08:00:00,6810.50,6810.50,6810.50,6810.50,0.00,0.00000000,0
2020-04-12 09:00:00,6874.59,6874.59,6874.59,6874.59,6874.59,0.03000000,1
2020-04-12 10:00:00,6874.59,6874.59,6874.59,6874.59,0.00,0.00000000,0
2020-04-12 11:00:00,6874.59,6874.59,6874.59,6874.59,0.00,0.00000000,0
2020-04-12 12:00:00,6901.89,6901.89,6901.89,6901.89,6901.89,0.46233723,2
2020-04-12 13:00:00,6901.89,6911.13,6901.89,6911.13,6911.13,0.02000000,1
2020-04-12 14:00:00,7003.00,7012.09,7003.00,7004.25,7004.49,0.12277150,6
2020-04-12 15:00:00,7004.25,7004.25,7004.25,7004.25,0.00,0.00000000,0
2020-04-12 16:00:00,7004.25,7103.60,7004.25,7094.10,7102.84,0.68639414,5
2020-04-12 17:00:00,7165.04,7173.09,7086.41,7086.41,7160.40,0.33333720,7
2020-04-12 18:00:00,7086.41,7086.41,7086.41,7086.41,0.00,0.00000000,0
2020-04-12 19:00:00,7086.41,7086.41,7086.41,7086.41,0.00,0.00000000,0
2020-04-12 20:00:00,7086.41,7116.81,7086.41,7116.81,7116.81,1.00000000,1
2020-04-12 21:00:00,7116.81,7137.82,7106.06,7137.82,7135.39,0.71988855,3
2020-04-12 22:00:00,7136.18,7136.18,7136.18,7136.18,7136.18,0.05983779,1
2020-04-12 23:00:00,7136.18,7136.18,6943.21,6943.21,6960.13,0.40507331,5
2020-04-13 00:00:00,6943.21,6943.21,6500.01,6727.50,6635.32,5.59046746,51
2020-04-13 01:00:00,6727.50,6727.50,6681.01,6681.01,6694.33,0.55658978,7
2020-04-13 02:00:00,6721.88,6729.30,6721.88,6724.73,6727.34,0.04406959,4
2020-04-13 03:00:00,6724.73,6724.73,6671.30,6671.30,6676.22,0.14828120,3
2020-04-13 04:00:00,6671.30,6679.10,6671.30,6678.90,6678.27,0.76130392,13
2020-04-13 05:00:00,6678.90,6678.90,6678.90,6678.90,0.00,0.00000000,0
2020-04-13 06:00:00,6678.90,6741.88,6678.90,6741.88,6741.20,0.04426826,3
2020-04-13 07:00:00,6723.00,6723.00,6689.70,6689.70,6692.81,1.05701222,9
2020-04-13 08:00:00,6689.70,6689.70,6689.70,6689.70,0.00,0.00000000,0
2020-04-13 09:00:00,6710.49,6710.49,6681.47,6681.47,6688.93,0.07664234,6
2020-04-13 10:00:00,6719.28,6720.00,6711.93,6720.00,6714.66,0.32861293,22
2020-04-13 11:00:00,6715.00,6829.13,6715.00,6820.57,6745.48,0.52347358,14
2020-04-13 12:00:00,6747.01,6747.01,6686.12,6706.60,6708.94,0.80998698,7
2020-04-13 13:00:00,6698.83,6698.83,6657.21,6657.21,6659.55,1.06064645,9
2020-04-13 14:00:00,6721.32,6750.09,6721.32,6724.39,6734.95,2.19570329,22
2020-04-13 15:00:00,6732.03,6787.91,6732.03,6787.91,6766.14,0.30867699,11
2020-04-13 16:00:00,6805.70,6805.70,6771.15,6771.15,6797.02,0.02942462,2
2020-04-13 17:00:00,6771.15,6771.15,6771.15,6771.15,0.00,0.00000000,0
2020-04-13 18:00:00,6771.15,6794.70,6770.00,6770.00,6779.65,0.48465079,9
2020-04-13 19:00:00,6787.26,6797.20,6787.26,6797.20,6792.69,2.18000000,10
2020-04-13 20:00:00,6797.20,6829.73,6782.87,6822.91,6823.89,3.01667329,16
2020-04-13 21:00:00,6822.91,6885.00,6822.91,6838.01,6880.81,12.86273157,35
2020-04-13 22:00:00,6887.75,6887.75,6887.75,6887.75,6887.75,0.02661140,1
2020-04-13 23:00:00,6887.75,6887.75,6887.75,6887.75,0.00,0.00000000,0
2020-04-14 00:00:00,6887.75,6887.75,6887.75,6887.75,0.00,0.00000000,0
2020-04-14 01:00:00,6887.75,6887.75,6887.75,6887.75,0.00,0.00000000,0
2020-04-14 02:00:00,6887.75,6887.75,6874.87,6880.64,6875.53,1.00050000,6
2020-04-14 03:00:00,6880.64,6880.64,6856.77,6856.77,6856.77,0.01211442,3
2020-04-14 04:00:00,6856.77,6918.15,6856.77,6914.34,6915.34,1.60000000,4
2020-04-14 05:00:00,6914.34,6914.34,6914.34,6914.34,0.00,0.00000000,0
2020-04-14 06:00:00,6914.34,6914.34,6914.34,6914.34,0.00,0.00000000,0
2020-04-14 07:00:00,6914.34,6914.34,6914.34,6914.34,0.00,0.00000000,0
2020-04-14 08:00:00,6805.00,6805.00,6780.99,6787.01,6800.63,1.24683220,9
2020-04-14 09:00:00,6787.01,6876.36,6787.01,6872.65,6838.71,2.22550999,18
2020-04-14 10:00:00,6872.65,6872.65,6872.65,6872.65,0.00,0.00000000,0
2020-04-14 11:00:00,6846.66,6846.66,6846.66,6846.66,6846.66,0.00410824,1
2020-04-14 12:00:00,6846.66,6857.99,6846.66,6857.99,6855.28,0.73529258,5
2020-04-14 13:00:00,6857.99,6857.99,6857.99,6857.99,0.00,0.00000000,0
2020-04-14 14:00:00,6897.82,6943.78,6897.82,6901.06,6942.30,1.03850663,6
2020-04-14 15:00:00,6901.06,6932.49,6900.51,6925.00,6923.18,13.17140679,19
2020-04-14 16:00:00,6925.00,6963.50,6882.56,6963.50,6903.26,2.09196442,13
2020-04-14 17:00:00,6963.50,6963.50,6931.11,6931.11,6932.58,0.50797700,5
2020-04-14 18:00:00,6931.11,6945.26,6929.00,6941.00,6940.51,5.16112240,41
2020-04-14 19:00:00,6941.00,6941.00,6877.65,6877.65,6877.65,0.04921134,1
2020-04-14 20:00:00,6877.65,6877.65,6877.65,6877.65,6877.65,1.45380326,7
2020-04-14 21:00:00,6877.65,6877.65,6877.65,6877.65,0.00,0.00000000,0
2020-04-14 22:00:00,6877.65,6877.65,6877.65,6877.65,0.00,0.00000000,0
2020-04-14 23:00:00,6877.65,6877.65,6877.65,6877.65,0.00,0.00000000,0
2020-04-15 00:00:00,6877.65,6877.65,6877.65,6877.65,0.00,0.00000000,0
2020-04-15 01:00:00,6877.65,6877.65,6856.29,6856.90,6856.98,0.24043357,5
2020-04-15 02:00:00,6856.90,6900.33,6856.90,6900.33,6900.33,0.00201415,1
2020-04-15 03:00:00,6900.33,6900.33,6900.33,6900.33,0.00,0.00000000,0
2020-04-15 04:00:00,6900.33,6900.33,6900.33,6900.33,0.00,0.00000000,0
2020-04-15 05:00:00,6900.33,6900.33,6900.33,6900.33,0.00,0.00000000,0
2020-04-15 06:00:00,6900.33,6916.27,6900.33,6907.23,6913.79,0.17959824,4
2020-04-15 07:00:00,6907.23,6907.23,6907.23,6907.23,0.00,0.00000000,0
2020-04-15 08:00:00,6907.23,6907.23,6855.89,6856.89,6859.62,0.11537048,4
2020-04-15 09:00:00,6856.89,6860.12,6847.68,6856.25,6850.23,0.26887946,26
2020-04-15 10:00:00,6854.61,6860.21,6800.00,6800.00,6840.33,0.15200000,6
2020-04-15 11:00:00,6800.00,6800.00,6772.29,6772.29,6776.22,0.27229233,4
2020-04-15 12:00:00,6772.33,6772.33,6700.00,6700.00,6731.67,1.23581645,20
2020-04-15 13:00:00,6713.34,6751.10,6713.34,6751.10,6745.57,0.04251020,6
2020-04-15 14:00:00,6751.10,6761.54,6729.98,6729.98,6747.31,0.17082301,10
2020-04-15 15:00:00,6729.98,6729.98,6729.98,6729.98,0.00,0.00000000,0
2020-04-15 16:00:00,6729.98,6729.98,6729.98,6729.98,0.00,0.00000000,0
2020-04-15 17:00:00,6745.42,6771.03,6745.42,6761.60,6750.78,0.20686002,6
2020-04-15 18:00:00,6761.60,6771.18,6761.60,6764.25,6770.13,0.42397663,8
2020-04-15 19:00:00,6764.25,6764.25,6742.57,6742.57,6742.64,0.22639891,2
2020-04-15 20:00:00,6742.57,6747.23,6741.91,6741.91,6742.15,1.08000000,4
2020-04-15 21:00:00,6760.17,6765.52,6760.17,6765.52,6764.63,1.00000000,5
2020-04-15 22:00:00,6765.52,6765.52,6765.52,6765.52,0.00,0.00000000,0
2020-04-15 23:00:00,6765.52,6765.52,6624.36,6630.35,6643.48,0.24200000,7
2020-04-16 00:00:00,6622.89,6622.89,6500.00,6589.53,6554.35,0.52561140,12
2020-04-16 01:00:00,6589.53,6645.82,6589.53,6637.16,6631.46,1.13000000,10
2020-04-16 02:00:00,6637.16,6637.16,6629.83,6629.83,6629.83,0.28290898,1
2020-04-16 03:00:00,6629.83,6664.29,6629.83,6664.29,6664.29,0.00200000,1
2020-04-16 04:00:00,6664.29,6664.29,6664.29,6664.29,0.00,0.00000000,0
2020-04-16 05:00:00,6664.29,6664.29,6664.29,6664.29,0.00,0.00000000,0
2020-04-16 06:00:00,6664.29,6684.40,6664.29,6684.40,6684.40,0.07223584,2
2020-04-16 07:00:00,6691.45,6983.63,6691.45,6973.66,6859.41,2.29029731,46
2020-04-16 08:00:00,6973.66,7136.98,6911.17,7076.62,7089.23,0.94858810,28
2020-04-16 09:00:00,7064.00,7067.84,7045.59,7045.59,7059.83,0.16084085,5
2020-04-16 10:00:00,7072.43,7073.30,6950.00,6950.00,7026.28,1.19358233,13
2020-04-16 11:00:00,6950.00,7004.89,6950.00,7004.89,7003.61,0.11045430,2
2020-04-16 12:00:00,7004.89,7044.31,7004.89,7044.30,7043.98,0.10509000,4
2020-04-16 13:00:00,7044.30,7072.47,7044.30,7072.47,7072.47,0.00702664,1
2020-04-16 14:00:00,7072.47,7072.47,6984.60,7017.10,6993.86,0.50805221,8
2020-04-16 15:00:00,7017.10,7040.11,7017.10,7039.00,7039.35,0.13474215,5
2020-04-16 16:00:00,7039.00,7039.00,6980.00,6980.00,6991.60,0.05271152,6
2020-04-16 17:00:00,6980.00,7017.20,6980.00,7014.15,7014.87,3.00200000,4
2020-04-16 18:00:00,7014.15,7047.16,7014.00,7047.16,7027.67,0.34251066,7
2020-04-16 19:00:00,7047.16,7047.16,7014.88,7022.00,7015.79,2.28034440,6
2020-04-16 20:00:00,7062.44,7062.44,7012.97,7012.97,7021.91,3.30896180,11
2020-04-16 21:00:00,7012.97,7092.72,7012.97,7069.21,7046.63,0.83545019,9
2020-04-16 22:00:00,7087.23,7137.00,7086.90,7137.00,7102.90,3.15099262,30
2020-04-16 23:00:00,7187.59,7187.59,7095.31,7100.60,7114.00,1.15992567,22
2020-04-17 00:00:00,7100.60,7100.60,7059.74,7073.04,7072.99,1.55127479,13
2020-04-17 01:00:00,7073.04,7073.04,7073.04,7073.04,0.00,0.00000000,0
2020-04-17 02:00:00,7073.04,7108.08,7073.04,7095.43,7107.54,0.04761000,2
2020-04-17 03:00:00,7095.43,7095.43,7095.43,7095.43,0.00,0.00000000,0
2020-04-17 04:00:00,7095.43,7095.43,7095.43,7095.43,0.00,0.00000000,0
2020-04-17 05:00:00,7095.43,7095.43,7070.00,7070.00,7070.00,0.98010950,10
2020-04-17 06:00:00,7070.00,7070.00,7066.06,7066.06,7066.06,0.00200000,1
2020-04-17 07:00:00,7066.06,7066.06,7043.22,7043.22,7052.51,1.91525900,12
2020-04-17 08:00:00,7043.22,7043.22,7043.22,7043.22,0.00,0.00000000,0
2020-04-17 09:00:00,7043.22,7043.22,7043.22,7043.22,0.00,0.00000000,0
2020-04-17 10:00:00,7043.22,7043.22,7043.22,7043.22,0.00,0.00000000,0
2020-04-17 11:00:00,7043.22,7089.56,7043.22,7060.35,7077.08,8.94104360,39
2020-04-17 12:00:00,7060.35,7060.35,7060.35,7060.35,0.00,0.00000000,0
2020-04-17 13:00:00,7060.35,7060.35,7010.56,7010.56,7035.47,1.91090000,9
2020-04-17 14:00:00,7010.56,7038.81,7010.56,7038.37,7038.50,0.02388586,4
2020-04-17 15:00:00,7038.37,7061.68,7038.37,7061.68,7061.68,0.00250000,1
2020-04-17 16:00:00,7067.64,7067.64,7067.64,7067.64,7067.64,0.00200000,1
2020-04-17 17:00:00,7067.64,7067.64,7067.64,7067.64,0.00,0.00000000,0
2020-04-17 18:00:00,7067.64,7067.64,7035.00,7035.00,7035.00,1.00160000,6
2020-04-17 19:00:00,7035.00,7094.40,7035.00,7094.40,7088.88,0.54689024,10
2020-04-17 20:00:00,7094.40,7094.40,7054.80,7073.06,7055.52,0.31480592,8
2020-04-17 21:00:00,7073.06,7074.38,7047.45,7047.45,7070.58,1.42207592,9
2020-04-17 22:00:00,7043.92,7071.85,7043.92,7070.87,7056.89,0.08459170,15
2020-04-17 23:00:00,7070.87,7138.50,7053.04,7053.04,7090.84,1.05264634,13
2020-04-18 00:00:00,7053.04,7056.01,7047.67,7047.67,7053.72,1.73278000,8
2020-04-18 01:00:00,7047.67,7088.99,7047.67,7088.99,7088.99,0.00200000,1
2020-04-18 02:00:00,7088.99,7114.59,7088.99,7114.59,7114.59,0.04194667,1
2020-04-18 03:00:00,7114.59,7114.59,7107.83,7107.83,7107.83,0.01292074,1
2020-04-18 04:00:00,7107.83,7115.97,7107.83,7115.97,7115.97,0.04331949,2
2020-04-18 05:00:00,7115.97,7120.88,7115.97,7120.88,7120.88,0.00200000,1
2020-04-18 06:00:00,7120.88,7120.88,7092.90,7092.90,7092.90,0.15000000,3
2020-04-18 07:00:00,7092.90,7092.90,7092.90,7092.90,0.00,0.00000000,0
2020-04-18 08:00:00,7092.90,7092.90,7092.90,7092.90,0.00,0.00000000,0
2020-04-18 09:00:00,7092.90,7092.90,7092.90,7092.90,0.00,0.00000000,0
2020-04-18 10:00:00,7092.90,7092.90,7086.39,7086.39,7086.39,0.00200000,1
2020-04-18 11:00:00,7086.39,7100.30,7086.29,7100.30,7099.45,0.42318613,10
2020-04-18 12:00:00,7100.30,7174.39,7100.30,7174.39,7162.89,0.37030000,7
2020-04-18 13:00:00,7156.99,7264.29,7145.00,7241.21,7204.96,1.35724477,19
2020-04-18 14:00:00,7252.50,7252.50,7240.00,7240.00,7244.42,0.44585655,14
2020-04-18 15:00:00,7249.68,7258.69,7225.15,7258.69,7257.21,0.11056032,5
2020-04-18 16:00:00,7258.69,7258.69,7199.73,7199.73,7199.73,0.05405119,2
2020-04-18 17:00:00,7199.73,7199.73,7199.73,7199.73,0.00,0.00000000,0
2020-04-18 18:00:00,7199.73,7207.26,7190.00,7207.26,7201.26,0.15048233,3
2020-04-18 19:00:00,7207.26,7226.95,7207.26,7226.95,7226.95,0.00200000,1
2020-04-18 20:00:00,7204.36,7204.36,7204.36,7204.36,7204.36,0.06458730,2
2020-04-18 21:00:00,7226.31,7234.45,7226.31,7233.60,7233.72,1.51190026,8
2020-04-18 22:00:00,7233.60,7286.89,7233.60,7286.89,7254.29,0.29508097,9
2020-04-18 23:00:00,7286.89,7286.89,7273.68,7273.68,7273.68,0.02017216,1
2020-04-19 00:00:00,7273.68,7273.68,7211.23,7226.46,7212.61,0.02200000,2
2020-04-19 01:00:00,7226.46,7239.40,7226.46,7239.40,7239.34,0.07399555,2
2020-04-19 02:00:00,7239.40,7239.40,7239.40,7239.40,0.00,0.00000000,0
2020-04-19 03:00:00,7239.40,7239.40,7239.40,7239.40,7239.40,0.03453324,2
2020-04-19 04:00:00,7243.96,7243.96,7243.96,7243.96,7243.96,0.04020934,1
2020-04-19 05:00:00,7239.26,7239.26,7161.59,7162.09,7184.46,3.50162436,16
2020-04-19 06:00:00,7162.09,7162.09,7155.63,7155.63,7155.63,2.01231000,5
2020-04-19 07:00:00,7155.63,7158.77,7155.63,7158.77,7158.77,0.00700000,1
2020-04-19 08:00:00,7158.77,7160.18,7152.91,7160.18,7157.18,0.01700000,2
2020-04-19 09:00:00,7160.18,7165.21,7160.18,7165.21,7165.21,0.00200000,1
2020-04-19 10:00:00,7165.21,7174.21,7165.21,7174.21,7174.21,0.00227420,1
2020-04-19 11:00:00,7174.21,7174.21,7174.21,7174.21,0.00,0.00000000,0
2020-04-19 12:00:00,7174.21,7182.79,7174.21,7182.79,7182.79,0.04170000,2
2020-04-19 13:00:00,7182.79,7182.79,7182.79,7182.79,0.00,0.00000000,0
2020-04-19 14:00:00,7087.39,7102.87,7087.39,7102.87,7091.56,0.76677664,8
2020-04-19 15:00:00,7102.87,7106.24,7102.87,7106.24,7106.24,0.00306377,3
2020-04-19 16:00:00,7106.24,7106.24,7106.24,7106.24,0.00,0.00000000,0
2020-04-19 17:00:00,7106.24,7106.24,7106.24,7106.24,0.00,0.00000000,0
2020-04-19 18:00:00,7106.24,7167.46,7106.24,7166.39,7167.37,0.02652201,2
2020-04-19 19:00:00,7166.39,7166.39,7128.75,7128.75,7148.48,0.39199510,118
2020-04-19 20:00:00,7128.75,7150.43,7128.75,7150.43,7146.64,0.04000000,3
2020-04-19 21:00:00,7150.43,7165.70,7150.43,7164.96,7164.96,0.85000000,7
2020-04-19 22:00:00,7164.96,7183.23,7164.96,7183.23,7183.23,0.20639614,4
2020-04-19 23:00:00,7183.23,7183.23,7136.57,7136.57,7140.12,0.02625310,2
2020-04-20 00:00:00,7136.57,7136.57,7136.57,7136.57,0.00,0.00000000,0
2020-04-20 01:00:00,7136.57,7136.57,7136.57,7136.57,0.00,0.00000000,0
2020-04-20 02:00:00,7136.57,7136.57,7136.57,7136.57,0.00,0.00000000,0
2020-04-20 03:00:00,7136.57,7136.57,7136.57,7136.57,0.00,0.00000000,0
2020-04-20 04:00:00,7136.57,7225.52,7136.57,7225.52,7205.02,1.00586738,7
2020-04-20 05:00:00,7225.52,7225.52,7225.52,7225.52,0.00,0.00000000,0
2020-04-20 06:00:00,7225.52,7225.52,7170.00,7170.00,7170.00,0.02422392,1
2020-04-20 07:00:00,7186.26,7190.80,7186.26,7190.80,7189.27,0.69499514,6
2020-04-20 08:00:00,7190.80,7190.80,7166.94,7166.94,7169.97,0.22777608,4
2020-04-20 09:00:00,7166.94,7166.94,7166.94,7166.94,0.00,0.00000000,0
2020-04-20 10:00:00,7166.94,7166.94,7045.80,7071.46,7060.38,1.14477913,21
2020-04-20 11:00:00,7071.46,7071.46,6989.70,7004.85,7054.87,1.94837382,26
2020-04-20 12:00:00,6955.41,7054.51,6926.90,7054.51,6954.69,1.06349245,15
2020-04-20 13:00:00,7054.51,7054.51,7031.60,7031.60,7044.46,3.09946677,39
2020-04-20 14:00:00,7031.60,7038.57,7031.60,7037.10,7036.50,0.21740756,4
2020-04-20 15:00:00,7037.10,7091.65,7037.10,7091.49,7091.14,0.07360738,4
2020-04-20 16:00:00,7091.49,7091.49,7049.50,7049.50,7052.27,0.25750000,3
2020-04-20 17:00:00,7049.50,7049.50,6871.79,6871.79,6919.49,1.08489509,9
2020-04-20 18:00:00,6896.99,6918.99,6851.10,6851.10,6892.77,1.96543971,24
2020-04-20 19:00:00,6851.10,6882.32,6816.90,6853.16,6858.08,1.39218835,18
2020-04-20 20:00:00,6853.16,6866.62,6811.02,6863.72,6843.51,1.69706468,28
2020-04-20 21:00:00,6863.72,6881.71,6863.72,6881.71,6879.26,0.20674274,14
2020-04-20 22:00:00,6881.71,6887.47,6881.71,6887.47,6887.47,0.00200000,1
2020-04-20 23:00:00,6887.47,6887.47,6859.89,6859.89,6859.89,0.00221426,1
2020-04-21 00:00:00,6821.71,6898.24,6817.90,6898.24,6879.25,6.48198774,32
2020-04-21 01:00:00,6898.24,6898.24,6886.10,6886.10,6888.32,1.63694740,6
2020-04-21 02:00:00,6886.10,6886.10,6864.91,6864.91,6864.91,0.00200000,1
2020-04-21 03:00:00,6864.91,6883.06,6864.91,6883.06,6879.05,3.53020483,10
2020-04-21 04:00:00,6883.06,6883.06,6883.06,6883.06,0.00,0.00000000,0
2020-04-21 05:00:00,6883.06,6886.21,6883.06,6886.21,6886.11,0.04170000,4
2020-04-21 06:00:00,6896.15,6896.15,6896.15,6896.15,6896.15,0.05088600,1
2020-04-21 07:00:00,6896.15,6896.15,6891.80,6892.29,6891.93,0.97583458,7
2020-04-21 08:00:00,6892.29,6892.29,6892.29,6892.29,0.00,0.00000000,0
2020-04-21 09:00:00,6880.68,6880.76,6802.02,6802.02,6848.41,0.93997943,10
2020-04-21 10:00:00,6802.02,6869.30,6802.02,6841.30,6858.07,5.81606803,12
2020-04-21 11:00:00,6841.30,6841.30,6786.36,6826.72,6787.70,0.05994722,2
2020-04-21 12:00:00,6819.35,6840.57,6801.70,6840.30,6815.11,3.22151487,16
2020-04-21 13:00:00,6840.30,6840.30,6800.00,6800.00,6801.61,0.49048958,22
2020-04-21 14:00:00,6800.00,6865.49,6800.00,6824.99,6859.32,0.66569159,22
2020-04-21 15:00:00,6824.37,6847.17,6812.01,6830.20,6825.30,2.08080506,23
2020-04-21 16:00:00,6830.20,6864.38,6830.20,6864.38,6863.84,0.06075980,2
2020-04-21 17:00:00,6857.49,6919.75,6833.94,6891.64,6853.38,2.18677243,21
2020-04-21 18:00:00,6891.64,6896.39,6891.64,6896.39,6896.38,0.06006061,2
2020-04-21 19:00:00,6895.78,6898.85,6883.30,6895.00,6895.06,2.37358530,9
2020-04-21 20:00:00,6895.00,6895.00,6870.00,6870.00,6871.85,1.77006400,7
2020-04-21 21:00:00,6870.00,6911.72,6870.00,6911.72,6898.20,0.33241453,15
2020-04-21 22:00:00,6911.72,6911.72,6911.72,6911.72,0.00,0.00000000,0
2020-04-21 23:00:00,6911.72,6911.72,6911.72,6911.72,0.00,0.00000000,0
2020-04-22 00:00:00,6911.72,6911.72,6849.68,6849.70,6849.68,0.07200000,3
2020-04-22 01:00:00,6849.70,6849.70,6836.69,6843.51,6842.64,0.01574830,2
2020-04-22 02:00:00,6843.51,6843.51,6843.51,6843.51,0.00,0.00000000,0
2020-04-22 03:00:00,6843.51,6843.51,6843.51,6843.51,0.00,0.00000000,0
2020-04-22 04:00:00,6843.51,6843.51,6843.51,6843.51,0.00,0.00000000,0
2020-04-22 05:00:00,6843.51,6881.62,6843.51,6881.62,6881.62,0.00200000,1
2020-04-22 06:00:00,6881.62,6881.62,6881.62,6881.62,0.00,0.00000000,0
2020-04-22 07:00:00,6881.62,6922.61,6881.62,6922.60,6922.60,1.07980370,2
2020-04-22 08:00:00,6922.60,6922.60,6922.60,6922.60,0.00,0.00000000,0
2020-04-22 09:00:00,6922.60,6970.99,6922.60,6970.99,6966.55,0.00462433,2
2020-04-22 10:00:00,6970.99,6970.99,6970.99,6970.99,0.00,0.00000000,0
2020-04-22 11:00:00,6970.99,6970.99,6970.99,6970.99,0.00,0.00000000,0
2020-04-22 12:00:00,6970.99,6970.99,6970.99,6970.99,0.00,0.00000000,0
2020-04-22 13:00:00,6970.99,7100.00,6966.83,7100.00,7026.62,2.17306005,29
2020-04-22 14:00:00,7074.64,7125.40,7074.64,7125.40,7122.08,0.44312619,4
2020-04-22 15:00:00,7108.08,7118.00,7108.08,7118.00,7113.92,0.05793174,3
2020-04-22 16:00:00,7118.00,7118.00,7118.00,7118.00,7118.00,0.20199092,4
2020-04-22 17:00:00,7118.00,7141.90,7111.38,7111.38,7128.39,0.07496810,2
2020-04-22 18:00:00,7113.72,7120.68,7113.72,7120.68,7114.42,0.05503683,2
2020-04-22 19:00:00,7114.50,7124.76,7114.50,7124.75,7124.55,0.10232634,3
2020-04-22 20:00:00,7124.75,7124.75,7108.65,7108.65,7108.65,0.00296555,1
2020-04-22 21:00:00,7112.00,7112.00,7112.00,7112.00,7112.00,0.03623407,3
2020-04-22 22:00:00,7090.40,7090.40,7090.40,7090.40,7090.40,0.01722603,3
2020-04-22 23:00:00,7090.40,7128.93,7090.40,7128.93,7128.93,0.00200000,1
2020-04-23 00:00:00,7128.93,7128.93,7128.93,7128.93,0.00,0.00000000,0
2020-04-23 01:00:00,7128.93,7146.62,7128.93,7146.47,7146.54,0.27226877,5
2020-04-23 02:00:00,7146.47,7146.47,7146.47,7146.47,0.00,0.00000000,0
2020-04-23 03:00:00,7146.47,7146.47,7146.47,7146.47,0.00,0.00000000,0
2020-04-23 04:00:00,7146.47,7146.47,7122.25,7122.25,7122.25,0.00200000,1
2020-04-23 05:00:00,7122.25,7131.70,7122.25,7124.33,7127.90,0.09711588,3
2020-04-23 06:00:00,7124.33,7124.33,7124.33,7124.33,0.00,0.00000000,0
2020-04-23 07:00:00,7124.33,7124.33,7068.10,7068.12,7068.11,0.70542637,3
2020-04-23 08:00:00,7068.12,7093.93,7068.12,7093.93,7093.93,0.00200000,1
2020-04-23 09:00:00,7093.93,7093.93,7093.93,7093.93,0.00,0.00000000,0
2020-04-23 10:00:00,7093.93,7093.93,7093.93,7093.93,0.00,0.00000000,0
2020-04-23 11:00:00,7093.93,7093.93,7093.93,7093.93,0.00,0.00000000,0
2020-04-23 12:00:00,7093.93,7188.29,7093.93,7188.29,7188.29,0.04150144,1
2020-04-23 13:00:00,7188.29,7257.70,7182.09,7257.70,7231.19,1.91605747,20
2020-04-23 14:00:00,7257.70,7749.99,7001.00,7550.00,7552.88,24.43579291,155
2020-04-23 15:00:00,7553.92,7568.70,7536.37,7536.40,7553.81,2.43185722,23
2020-04-23 16:00:00,7587.98,7587.98,7539.64,7554.03,7552.53,17.76943158,30
2020-04-23 17:00:00,7554.03,7554.03,7554.03,7554.03,0.00,0.00000000,0
2020-04-23 18:00:00,7554.03,7577.43,7535.22,7535.22,7551.89,0.00506204,2
2020-04-23 19:00:00,7535.22,7535.22,7535.22,7535.22,0.00,0.00000000,0
2020-04-23 20:00:00,7535.22,7561.80,7530.20,7538.51,7537.77,10.80881612,38
2020-04-23 21:00:00,7538.51,7573.40,7538.51,7573.40,7553.64,0.53785257,6
2020-04-23 22:00:00,7573.40,7573.40,7573.40,7573.40,0.00,0.00000000,0
2020-04-23 23:00:00,7572.71,7572.71,7452.30,7452.30,7482.94,0.25435336,5
2020-04-24 00:00:00,7452.30,7512.30,7452.30,7489.40,7509.57,1.02736741,8
2020-04-24 01:00:00,7489.40,7497.96,7485.79,7485.79,7492.34,0.02894821,2
2020-04-24 02:00:00,7485.79,7485.79,7485.79,7485.79,0.00,0.00000000,0
2020-04-24 03:00:00,7485.79,7532.27,7485.79,7532.27,7532.27,0.00200000,1
2020-04-24 04:00:00,7532.27,7532.27,7532.27,7532.27,0.00,0.00000000,0
2020-04-24 05:00:00,7532.27,7532.27,7531.29,7531.29,7531.29,0.00700000,1
2020-04-24 06:00:00,7531.29,7531.29,7531.29,7531.29,0.00,0.00000000,0
2020-04-24 07:00:00,7531.29,7587.90,7531.29,7587.90,7586.95,1.34082430,9
2020-04-24 08:00:00,7587.90,7587.90,7549.10,7557.13,7549.18,0.19892988,7
2020-04-24 09:00:00,7557.13,7598.49,7557.13,7576.95,7597.01,1.08921962,14
2020-04-24 10:00:00,7576.95,7576.95,7525.58,7536.06,7527.56,0.58949259,11
2020-04-24 11:00:00,7536.06,7598.44,7510.71,7523.12,7575.58,10.83908466,55
2020-04-24 12:00:00,7523.12,7523.12,7461.78,7515.43,7514.33,0.52433000,8
2020-04-24 13:00:00,7515.43,7515.43,7499.07,7499.07,7502.64,0.00826843,2
2020-04-24 14:00:00,7499.07,7500.00,7417.91,7500.00,7449.65,2.47399626,27
2020-04-24 15:00:00,7500.00,7529.89,7500.00,7529.89,7500.31,1.91285232,18
2020-04-24 16:00:00,7529.89,7529.89,7500.00,7500.00,7500.00,0.06855788,5
2020-04-24 17:00:00,7500.00,7500.00,7500.00,7500.00,0.00,0.00000000,0
2020-04-24 18:00:00,7510.86,7549.95,7500.01,7527.16,7502.78,9.55744459,49
2020-04-24 19:00:00,7527.16,7527.16,7514.98,7522.00,7520.00,1.15751278,9
2020-04-24 20:00:00,7522.00,7550.00,7522.00,7550.00,7550.00,0.03000000,2
2020-04-24 21:00:00,7550.00,7550.33,7537.34,7537.35,7540.81,0.36275381,8
2020-04-24 22:00:00,7537.35,7537.35,7484.79,7484.79,7490.57,1.98900000,11
2020-04-24 23:00:00,7484.79,7511.64,7484.79,7511.17,7511.12,0.16100000,4
2020-04-25 00:00:00,7511.17,7511.17,7466.01,7466.01,7486.20,0.13335000,4
2020-04-25 01:00:00,7466.01,7498.58,7466.01,7498.58,7498.58,0.66559485,1
2020-04-25 02:00:00,7498.58,7498.58,7498.58,7498.58,0.00,0.00000000,0
2020-04-25 03:00:00,7498.58,7521.50,7494.50,7521.50,7516.40,0.35503860,7
2020-04-25 04:00:00,7522.40,7532.77,7518.60,7523.90,7524.16,0.46230523,13
2020-04-25 05:00:00,7523.90,7538.53,7523.90,7538.53,7538.53,0.00968571,1
2020-04-25 06:00:00,7538.53,7565.49,7538.53,7555.71,7565.32,0.13046598,4
2020-04-25 07:00:00,7555.71,7555.71,7555.71,7555.71,0.00,0.00000000,0
2020-04-25 08:00:00,7555.71,7555.71,7555.71,7555.71,0.00,0.00000000,0
2020-04-25 09:00:00,7555.71,7556.49,7555.71,7556.49,7556.49,0.00200000,1
2020-04-25 10:00:00,7556.49,7556.49,7548.99,7548.99,7548.99,0.00479715,1
